holdout_key,key,case,model,lookback,shift,best_hp_json,best_cv_RMSE,best_cv_MAE,best_cv_MAPE,best_cv_MSPE,best_cv_MedAE,best_cv_MedAPE,holdout_RMSE,holdout_MSPE,holdout_MAE,holdout_MAPE,holdout_MedAE,holdout_MedAPE
Macro Only||RandomWalk||lb=5||shift=1||HOLDOUT,Macro Only||RandomWalk||lb=5||shift=1,Macro Only,RandomWalk,5,1,{},8.62115447308385,6.925206939895431,0.5284546256595358,0.0044398070057199,5.833770751953125,0.4420793350146779,7.11910748895433,0.0027351016860013,5.429282495530985,0.3983490183629481,4.44000244140625,0.3331910741396653
Macro Only||RandomWalk||lb=10||shift=1||HOLDOUT,Macro Only||RandomWalk||lb=10||shift=1,Macro Only,RandomWalk,10,1,{},8.62115447308385,6.925206939895431,0.5284546256595358,0.0044398070057199,5.833770751953125,0.4420793350146779,7.11910748895433,0.0027351016860013,5.429282495530985,0.3983490183629481,4.44000244140625,0.3331910741396653
Macro Only||RandomWalk||lb=20||shift=1||HOLDOUT,Macro Only||RandomWalk||lb=20||shift=1,Macro Only,RandomWalk,20,1,{},8.62115447308385,6.925206939895431,0.5284546256595358,0.0044398070057199,5.833770751953125,0.4420793350146779,7.11910748895433,0.0027351016860013,5.429282495530985,0.3983490183629481,4.44000244140625,0.3331910741396653
Macro Only||RandomWalk||lb=30||shift=1||HOLDOUT,Macro Only||RandomWalk||lb=30||shift=1,Macro Only,RandomWalk,30,1,{},8.62115447308385,6.925206939895431,0.5284546256595358,0.0044398070057199,5.833770751953125,0.4420793350146779,7.11910748895433,0.0027351016860013,5.429282495530985,0.3983490183629481,4.44000244140625,0.3331910741396653
Macro Only||RandomWalk||lb=60||shift=1||HOLDOUT,Macro Only||RandomWalk||lb=60||shift=1,Macro Only,RandomWalk,60,1,{},8.62115447308385,6.925206939895431,0.5284546256595358,0.0044398070057199,5.833770751953125,0.4420793350146779,7.11910748895433,0.0027351016860013,5.429282495530985,0.3983490183629481,4.44000244140625,0.3331910741396653
Macro Only||RandomWalk||lb=90||shift=1||HOLDOUT,Macro Only||RandomWalk||lb=90||shift=1,Macro Only,RandomWalk,90,1,{},8.62115447308385,6.925206939895431,0.5284546256595358,0.0044398070057199,5.833770751953125,0.4420793350146779,7.11910748895433,0.0027351016860013,5.429282495530985,0.3983490183629481,4.44000244140625,0.3331910741396653
Macro Only||SARIMA||lb=5||shift=1||HOLDOUT,Macro Only||SARIMA||lb=5||shift=1,Macro Only,SARIMA,5,1,"{""order_p"": 1, ""order_d"": 0, ""order_q"": 2, ""seasonal_P"": 1, ""seasonal_D"": 1, ""seasonal_Q"": 0, ""seasonal_s"": 5}",43.223795748495824,36.84217518282183,2.80369721975779,0.1320909135120637,38.17572781686789,2.867107166058796,78.2054937430141,0.3150428156990186,69.83097018193888,5.062301460832877,72.33826655807866,5.2864551850892925
Macro Only||SARIMA||lb=10||shift=1||HOLDOUT,Macro Only||SARIMA||lb=10||shift=1,Macro Only,SARIMA,10,1,"{""order_p"": 1, ""order_d"": 0, ""order_q"": 2, ""seasonal_P"": 1, ""seasonal_D"": 1, ""seasonal_Q"": 0, ""seasonal_s"": 5}",43.223795748495824,36.84217518282183,2.80369721975779,0.1320909135120637,38.17572781686789,2.867107166058796,78.2054937430141,0.3150428156990186,69.83097018193888,5.062301460832877,72.33826655807866,5.2864551850892925
Macro Only||SARIMA||lb=20||shift=1||HOLDOUT,Macro Only||SARIMA||lb=20||shift=1,Macro Only,SARIMA,20,1,"{""order_p"": 1, ""order_d"": 0, ""order_q"": 2, ""seasonal_P"": 1, ""seasonal_D"": 1, ""seasonal_Q"": 0, ""seasonal_s"": 5}",43.223795748495824,36.84217518282183,2.80369721975779,0.1320909135120637,38.17572781686789,2.867107166058796,78.2054937430141,0.3150428156990186,69.83097018193888,5.062301460832877,72.33826655807866,5.2864551850892925
Macro Only||SARIMA||lb=30||shift=1||HOLDOUT,Macro Only||SARIMA||lb=30||shift=1,Macro Only,SARIMA,30,1,"{""order_p"": 1, ""order_d"": 0, ""order_q"": 2, ""seasonal_P"": 1, ""seasonal_D"": 1, ""seasonal_Q"": 0, ""seasonal_s"": 5}",43.223795748495824,36.84217518282183,2.80369721975779,0.1320909135120637,38.17572781686789,2.867107166058796,78.2054937430141,0.3150428156990186,69.83097018193888,5.062301460832877,72.33826655807866,5.2864551850892925
Macro Only||SARIMA||lb=60||shift=1||HOLDOUT,Macro Only||SARIMA||lb=60||shift=1,Macro Only,SARIMA,60,1,"{""order_p"": 1, ""order_d"": 0, ""order_q"": 2, ""seasonal_P"": 1, ""seasonal_D"": 1, ""seasonal_Q"": 0, ""seasonal_s"": 5}",43.223795748495824,36.84217518282183,2.80369721975779,0.1320909135120637,38.17572781686789,2.867107166058796,78.2054937430141,0.3150428156990186,69.83097018193888,5.062301460832877,72.33826655807866,5.2864551850892925
Macro Only||SARIMA||lb=90||shift=1||HOLDOUT,Macro Only||SARIMA||lb=90||shift=1,Macro Only,SARIMA,90,1,"{""order_p"": 1, ""order_d"": 0, ""order_q"": 2, ""seasonal_P"": 1, ""seasonal_D"": 1, ""seasonal_Q"": 0, ""seasonal_s"": 5}",43.223795748495824,36.84217518282183,2.80369721975779,0.1320909135120637,38.17572781686789,2.867107166058796,78.2054937430141,0.3150428156990186,69.83097018193888,5.062301460832877,72.33826655807866,5.2864551850892925
Macro Only||RandomForest||lb=5||shift=1||HOLDOUT,Macro Only||RandomForest||lb=5||shift=1,Macro Only,RandomForest,5,1,"{""n_estimators"": 500, ""max_depth"": 30, ""min_samples_split"": 10, ""min_samples_leaf"": 4, ""max_features"": ""log2""}",8.9856499763454,7.316081395562633,0.5577375190794929,0.0048007464269826,6.397643042401114,0.4887582795650326,7.353641418040041,0.0029048284914953,5.656398267991162,0.4143197436728322,4.667922400010184,0.337956348321876
Macro Only||XGBoost||lb=5||shift=1||HOLDOUT,Macro Only||XGBoost||lb=5||shift=1,Macro Only,XGBoost,5,1,"{""n_estimators"": 300, ""max_depth"": 9, ""learning_rate"": 0.01, ""subsample"": 0.8, ""colsample_bytree"": 0.9, ""reg_alpha"": 1.0, ""reg_lambda"": 10.0, ""min_child_weight"": 3}",9.317749979624084,7.548928021015502,0.5754893970936292,0.0051532829699582,6.52392578125,0.4975482822356252,7.395582856054253,0.0029372504523794,5.609665643601191,0.4108522559523563,4.643310546875,0.3467718948984494
Macro Only||RandomForest||lb=10||shift=1||HOLDOUT,Macro Only||RandomForest||lb=10||shift=1,Macro Only,RandomForest,10,1,"{""n_estimators"": 200, ""max_depth"": 10, ""min_samples_split"": 10, ""min_samples_leaf"": 1, ""max_features"": ""log2""}",8.896762423582103,7.2311503268262385,0.5507472575775079,0.0046913967035783,6.122273234241931,0.4670384807531897,7.410435491545184,0.0029329550964442,5.765637387787144,0.4215526196693973,4.896736800918347,0.3581579423606678
Macro Only||XGBoost||lb=10||shift=1||HOLDOUT,Macro Only||XGBoost||lb=10||shift=1,Macro Only,XGBoost,10,1,"{""n_estimators"": 200, ""max_depth"": 7, ""learning_rate"": 0.03, ""subsample"": 0.8, ""colsample_bytree"": 0.7, ""reg_alpha"": 0.01, ""reg_lambda"": 5.0, ""min_child_weight"": 1}",9.300065501541326,7.456638019728625,0.5682761173011566,0.0051161238045478,6.71868896484375,0.5108982041068884,7.29125760880482,0.0028440455033151,5.62247541309458,0.4113890004139333,4.71051025390625,0.3461665505649559
Macro Only||RandomForest||lb=20||shift=1||HOLDOUT,Macro Only||RandomForest||lb=20||shift=1,Macro Only,RandomForest,20,1,"{""n_estimators"": 200, ""max_depth"": 30, ""min_samples_split"": 10, ""min_samples_leaf"": 2, ""max_features"": ""log2""}",8.86204887707839,7.225846947884516,0.5510657127214829,0.0046986672104352,6.376097790098044,0.4912462277886477,7.27689221371243,0.0028118828461079,5.707267334079432,0.4165042484983332,4.86985081331477,0.364530072990978
Macro Only||XGBoost||lb=20||shift=1||HOLDOUT,Macro Only||XGBoost||lb=20||shift=1,Macro Only,XGBoost,20,1,"{""n_estimators"": 200, ""max_depth"": 9, ""learning_rate"": 0.01, ""subsample"": 1.0, ""colsample_bytree"": 0.8, ""reg_alpha"": 0.0, ""reg_lambda"": 5.0, ""min_child_weight"": 5}",8.859797776360436,7.150286857429368,0.5455198021635641,0.0047091724020351,6.145965576171875,0.4749419447638354,7.236352335850806,0.0027927122024862,5.6032144052011,0.4093938348206357,4.53973388671875,0.3304346763501735
Macro Only||RandomForest||lb=30||shift=1||HOLDOUT,Macro Only||RandomForest||lb=30||shift=1,Macro Only,RandomForest,30,1,"{""n_estimators"": 500, ""max_depth"": 5, ""min_samples_split"": 2, ""min_samples_leaf"": 4, ""max_features"": ""log2""}",8.928973061970916,7.282378710988098,0.556278964678437,0.0047887273709071,6.355628041667927,0.4921821955569769,7.23508358792773,0.0027867878912194,5.652677879467036,0.4125626930208741,5.000096001642532,0.3668782587907782
Macro Only||XGBoost||lb=30||shift=1||HOLDOUT,Macro Only||XGBoost||lb=30||shift=1,Macro Only,XGBoost,30,1,"{""n_estimators"": 200, ""max_depth"": 9, ""learning_rate"": 0.01, ""subsample"": 0.7, ""colsample_bytree"": 0.8, ""reg_alpha"": 1.0, ""reg_lambda"": 10.0, ""min_child_weight"": 3}",9.003304547307163,7.314843898866234,0.5588564302936063,0.0048795764177748,6.3985443115234375,0.4962102049685431,7.136701669235247,0.0027191992193662,5.538929763349515,0.4045714258820975,4.7821044921875,0.3481345071295114
Macro Only||RandomForest||lb=60||shift=1||HOLDOUT,Macro Only||RandomForest||lb=60||shift=1,Macro Only,RandomForest,60,1,"{""n_estimators"": 500, ""max_depth"": 30, ""min_samples_split"": 5, ""min_samples_leaf"": 4, ""max_features"": ""log2""}",8.521454529136522,6.981093325575509,0.5396775895752935,0.0044156213145738,5.985311934840752,0.4636090266903983,7.448324759331332,0.0029399582298901,5.808597685911817,0.4223750837523577,4.816873861505087,0.350787492351957
Macro Only||XGBoost||lb=60||shift=1||HOLDOUT,Macro Only||XGBoost||lb=60||shift=1,Macro Only,XGBoost,60,1,"{""n_estimators"": 100, ""max_depth"": 9, ""learning_rate"": 0.01, ""subsample"": 0.7, ""colsample_bytree"": 0.8, ""reg_alpha"": 0.0, ""reg_lambda"": 0.1, ""min_child_weight"": 5}",8.504498310595011,7.050907176929517,0.5448848657414312,0.0043721995199478,5.816452026367188,0.4534778336690772,7.567512101411638,0.0030314762323308,5.91118691184304,0.4296818742799604,4.80157470703125,0.3511672622124376
Macro Only||RandomForest||lb=90||shift=1||HOLDOUT,Macro Only||RandomForest||lb=90||shift=1,Macro Only,RandomForest,90,1,"{""n_estimators"": 300, ""max_depth"": 10, ""min_samples_split"": 2, ""min_samples_leaf"": 4, ""max_features"": ""log2""}",6.895297255665209,5.49803837923658,0.4290189897194253,0.002941488431661,4.707422050361894,0.3655413677499902,7.421528225575013,0.0029220332407309,5.720534543592089,0.4156991301628588,4.725932732222191,0.3396475742648827
Macro Only||XGBoost||lb=90||shift=1||HOLDOUT,Macro Only||XGBoost||lb=90||shift=1,Macro Only,XGBoost,90,1,"{""n_estimators"": 100, ""max_depth"": 9, ""learning_rate"": 0.03, ""subsample"": 0.7, ""colsample_bytree"": 1.0, ""reg_alpha"": 1.0, ""reg_lambda"": 1.0, ""min_child_weight"": 7}",6.876465132748511,5.4881536310369325,0.4285797009476089,0.0029271211861821,4.9305419921875,0.3860670697125362,7.960547239787452,0.0033460745062321,6.252910457245291,0.4538299360367891,4.8966064453125,0.3560071829765217
Macro + Event||RandomWalk||lb=5||shift=1||HOLDOUT,Macro + Event||RandomWalk||lb=5||shift=1,Macro + Event,RandomWalk,5,1,{},8.62115447308385,6.925206939895431,0.5284546256595358,0.0044398070057199,5.833770751953125,0.4420793350146779,7.11910748895433,0.0027351016860013,5.429282495530985,0.3983490183629481,4.44000244140625,0.3331910741396653
Macro + Event||RandomWalk||lb=10||shift=1||HOLDOUT,Macro + Event||RandomWalk||lb=10||shift=1,Macro + Event,RandomWalk,10,1,{},8.62115447308385,6.925206939895431,0.5284546256595358,0.0044398070057199,5.833770751953125,0.4420793350146779,7.11910748895433,0.0027351016860013,5.429282495530985,0.3983490183629481,4.44000244140625,0.3331910741396653
Macro + Event||RandomWalk||lb=20||shift=1||HOLDOUT,Macro + Event||RandomWalk||lb=20||shift=1,Macro + Event,RandomWalk,20,1,{},8.62115447308385,6.925206939895431,0.5284546256595358,0.0044398070057199,5.833770751953125,0.4420793350146779,7.11910748895433,0.0027351016860013,5.429282495530985,0.3983490183629481,4.44000244140625,0.3331910741396653
Macro + Event||RandomWalk||lb=30||shift=1||HOLDOUT,Macro + Event||RandomWalk||lb=30||shift=1,Macro + Event,RandomWalk,30,1,{},8.62115447308385,6.925206939895431,0.5284546256595358,0.0044398070057199,5.833770751953125,0.4420793350146779,7.11910748895433,0.0027351016860013,5.429282495530985,0.3983490183629481,4.44000244140625,0.3331910741396653
Macro + Event||RandomWalk||lb=60||shift=1||HOLDOUT,Macro + Event||RandomWalk||lb=60||shift=1,Macro + Event,RandomWalk,60,1,{},8.62115447308385,6.925206939895431,0.5284546256595358,0.0044398070057199,5.833770751953125,0.4420793350146779,7.11910748895433,0.0027351016860013,5.429282495530985,0.3983490183629481,4.44000244140625,0.3331910741396653
Macro + Event||RandomWalk||lb=90||shift=1||HOLDOUT,Macro + Event||RandomWalk||lb=90||shift=1,Macro + Event,RandomWalk,90,1,{},8.62115447308385,6.925206939895431,0.5284546256595358,0.0044398070057199,5.833770751953125,0.4420793350146779,7.11910748895433,0.0027351016860013,5.429282495530985,0.3983490183629481,4.44000244140625,0.3331910741396653
Macro + Event||SARIMA||lb=5||shift=1||HOLDOUT,Macro + Event||SARIMA||lb=5||shift=1,Macro + Event,SARIMA,5,1,"{""order_p"": 0, ""order_d"": 1, ""order_q"": 2, ""seasonal_P"": 1, ""seasonal_D"": 0, ""seasonal_Q"": 1, ""seasonal_s"": 5}",43.34889147961186,37.150411986094966,2.8218429668547125,0.1276214115436777,36.44261326728508,2.841149757347732,72.77444777614784,0.2719637067252503,64.04653468320153,4.638176607977623,66.85535724024362,4.89449346682226
Macro + Event||SARIMA||lb=10||shift=1||HOLDOUT,Macro + Event||SARIMA||lb=10||shift=1,Macro + Event,SARIMA,10,1,"{""order_p"": 0, ""order_d"": 1, ""order_q"": 2, ""seasonal_P"": 1, ""seasonal_D"": 0, ""seasonal_Q"": 1, ""seasonal_s"": 5}",43.34889147961186,37.150411986094966,2.8218429668547125,0.1276214115436777,36.44261326728508,2.841149757347732,72.77444777614784,0.2719637067252503,64.04653468320153,4.638176607977623,66.85535724024362,4.89449346682226
Macro + Event||SARIMA||lb=20||shift=1||HOLDOUT,Macro + Event||SARIMA||lb=20||shift=1,Macro + Event,SARIMA,20,1,"{""order_p"": 0, ""order_d"": 1, ""order_q"": 2, ""seasonal_P"": 1, ""seasonal_D"": 0, ""seasonal_Q"": 1, ""seasonal_s"": 5}",43.34889147961186,37.150411986094966,2.8218429668547125,0.1276214115436777,36.44261326728508,2.841149757347732,72.77444777614784,0.2719637067252503,64.04653468320153,4.638176607977623,66.85535724024362,4.89449346682226
Macro + Event||SARIMA||lb=30||shift=1||HOLDOUT,Macro + Event||SARIMA||lb=30||shift=1,Macro + Event,SARIMA,30,1,"{""order_p"": 0, ""order_d"": 1, ""order_q"": 2, ""seasonal_P"": 1, ""seasonal_D"": 0, ""seasonal_Q"": 1, ""seasonal_s"": 5}",43.34889147961186,37.150411986094966,2.8218429668547125,0.1276214115436777,36.44261326728508,2.841149757347732,72.77444777614784,0.2719637067252503,64.04653468320153,4.638176607977623,66.85535724024362,4.89449346682226
Macro + Event||SARIMA||lb=60||shift=1||HOLDOUT,Macro + Event||SARIMA||lb=60||shift=1,Macro + Event,SARIMA,60,1,"{""order_p"": 0, ""order_d"": 1, ""order_q"": 2, ""seasonal_P"": 1, ""seasonal_D"": 0, ""seasonal_Q"": 1, ""seasonal_s"": 5}",43.34889147961186,37.150411986094966,2.8218429668547125,0.1276214115436777,36.44261326728508,2.841149757347732,72.77444777614784,0.2719637067252503,64.04653468320153,4.638176607977623,66.85535724024362,4.89449346682226
Macro + Event||SARIMA||lb=90||shift=1||HOLDOUT,Macro + Event||SARIMA||lb=90||shift=1,Macro + Event,SARIMA,90,1,"{""order_p"": 0, ""order_d"": 1, ""order_q"": 2, ""seasonal_P"": 1, ""seasonal_D"": 0, ""seasonal_Q"": 1, ""seasonal_s"": 5}",43.34889147961186,37.150411986094966,2.8218429668547125,0.1276214115436777,36.44261326728508,2.841149757347732,72.77444777614784,0.2719637067252503,64.04653468320153,4.638176607977623,66.85535724024362,4.89449346682226
Macro + Event||RandomForest||lb=5||shift=1||HOLDOUT,Macro + Event||RandomForest||lb=5||shift=1,Macro + Event,RandomForest,5,1,"{""n_estimators"": 200, ""max_depth"": 30, ""min_samples_split"": 10, ""min_samples_leaf"": 4, ""max_features"": ""log2""}",8.891568448315745,7.221798272210428,0.5507513535628752,0.0047145165313932,6.04134599710801,0.4704198544208646,7.293850416437783,0.0028612304839383,5.572034489200945,0.4082450146357065,4.7275945874553145,0.3457796671328126
Macro + Event||XGBoost||lb=5||shift=1||HOLDOUT,Macro + Event||XGBoost||lb=5||shift=1,Macro + Event,XGBoost,5,1,"{""n_estimators"": 200, ""max_depth"": 5, ""learning_rate"": 0.03, ""subsample"": 0.7, ""colsample_bytree"": 1.0, ""reg_alpha"": 1.0, ""reg_lambda"": 5.0, ""min_child_weight"": 5}",9.271352015728963,7.5416502332435025,0.5749439464115711,0.0051012569421865,6.180328369140625,0.4622803693441669,7.729636481817264,0.0032044236229505,6.01089385061553,0.4400827793952028,5.2247314453125,0.3850199555644348
Macro + Event||RandomForest||lb=10||shift=1||HOLDOUT,Macro + Event||RandomForest||lb=10||shift=1,Macro + Event,RandomForest,10,1,"{""n_estimators"": 300, ""max_depth"": 5, ""min_samples_split"": 5, ""min_samples_leaf"": 4, ""max_features"": ""log2""}",8.737569752331552,7.070641277062514,0.539068462568295,0.0045567926325807,6.018544878233342,0.4589783847232582,7.185630796963677,0.0027652566185811,5.571175080950858,0.4076906456888745,4.691992817652022,0.34911274477854
Macro + Event||XGBoost||lb=10||shift=1||HOLDOUT,Macro + Event||XGBoost||lb=10||shift=1,Macro + Event,XGBoost,10,1,"{""n_estimators"": 200, ""max_depth"": 3, ""learning_rate"": 0.01, ""subsample"": 0.9, ""colsample_bytree"": 0.6, ""reg_alpha"": 0.01, ""reg_lambda"": 10.0, ""min_child_weight"": 1}",8.92460454658382,7.238517841782145,0.5519483414632962,0.0047413254211884,6.25830078125,0.4772849977409114,7.183088504994559,0.0027651298703863,5.496902330786781,0.4022946943270853,4.4000244140625,0.3268052751859375
Macro + Event||RandomForest||lb=20||shift=1||HOLDOUT,Macro + Event||RandomForest||lb=20||shift=1,Macro + Event,RandomForest,20,1,"{""n_estimators"": 300, ""max_depth"": 15, ""min_samples_split"": 5, ""min_samples_leaf"": 2, ""max_features"": ""log2""}",8.814235360694079,7.203232548507478,0.5492906061201192,0.0046452645236029,6.194985226801947,0.4758534977606733,7.185931042615867,0.0027521962332307,5.619712689537734,0.4105683679584817,4.710414368899251,0.3459612861361054
Macro + Event||XGBoost||lb=20||shift=1||HOLDOUT,Macro + Event||XGBoost||lb=20||shift=1,Macro + Event,XGBoost,20,1,"{""n_estimators"": 100, ""max_depth"": 7, ""learning_rate"": 0.01, ""subsample"": 0.7, ""colsample_bytree"": 0.8, ""reg_alpha"": 1.0, ""reg_lambda"": 10.0, ""min_child_weight"": 5}",8.724365240685914,7.057828995882702,0.5386126727132796,0.0045552360933548,6.033355712890625,0.4601202912304195,6.979068597185412,0.0026068616733138,5.430683842411748,0.3971875744338343,4.75048828125,0.3494332354842387
Macro + Event||RandomForest||lb=30||shift=1||HOLDOUT,Macro + Event||RandomForest||lb=30||shift=1,Macro + Event,RandomForest,30,1,"{""n_estimators"": 200, ""max_depth"": 30, ""min_samples_split"": 5, ""min_samples_leaf"": 2, ""max_features"": ""log2""}",8.990033900772623,7.319746511809549,0.5592168641991717,0.0048581234438741,6.368881331178216,0.4945111739525898,7.300987942725517,0.0028359036821265,5.730095159027197,0.4181865783790308,4.786850021230293,0.3499063557860316
Macro + Event||XGBoost||lb=30||shift=1||HOLDOUT,Macro + Event||XGBoost||lb=30||shift=1,Macro + Event,XGBoost,30,1,"{""n_estimators"": 500, ""max_depth"": 7, ""learning_rate"": 0.03, ""subsample"": 0.9, ""colsample_bytree"": 0.7, ""reg_alpha"": 1.0, ""reg_lambda"": 1.0, ""min_child_weight"": 3}",9.282178782444596,7.528732120138542,0.5752282174971465,0.0050871072064842,6.6312255859375,0.5056240773713232,7.34569995048341,0.0028713235746461,5.707072137628944,0.4163770349057541,4.752685546875,0.356547580497923
Macro + Event||RandomForest||lb=60||shift=1||HOLDOUT,Macro + Event||RandomForest||lb=60||shift=1,Macro + Event,RandomForest,60,1,"{""n_estimators"": 100, ""max_depth"": 5, ""min_samples_split"": 5, ""min_samples_leaf"": 2, ""max_features"": ""sqrt""}",8.571251361926773,7.064235882049712,0.5459572213572786,0.0044562223901653,5.990755567851011,0.4630889252751697,7.552551129611196,0.0030209220456607,5.910098526076826,0.4295686192774411,5.026640860315979,0.3678629132885054
Macro + Event||XGBoost||lb=60||shift=1||HOLDOUT,Macro + Event||XGBoost||lb=60||shift=1,Macro + Event,XGBoost,60,1,"{""n_estimators"": 100, ""max_depth"": 7, ""learning_rate"": 0.03, ""subsample"": 0.9, ""colsample_bytree"": 1.0, ""reg_alpha"": 1.0, ""reg_lambda"": 10.0, ""min_child_weight"": 1}",8.491067999359538,7.004566150707204,0.5413934715097475,0.0043617525401671,5.893966674804688,0.455862508230603,7.347139852050511,0.0028678015345433,5.641711841930043,0.4104889741299116,4.64312744140625,0.3356772627450047
Macro + Event||RandomForest||lb=90||shift=1||HOLDOUT,Macro + Event||RandomForest||lb=90||shift=1,Macro + Event,RandomForest,90,1,"{""n_estimators"": 500, ""max_depth"": 10, ""min_samples_split"": 10, ""min_samples_leaf"": 4, ""max_features"": ""log2""}",6.892910836707007,5.500777818611796,0.4291114418079134,0.0029421686724167,4.562489912704867,0.3541606338817528,7.353365436117228,0.0028704777045663,5.667979659382668,0.4119493439223424,4.56548798374979,0.3349029917940572
Macro + Event||XGBoost||lb=90||shift=1||HOLDOUT,Macro + Event||XGBoost||lb=90||shift=1,Macro + Event,XGBoost,90,1,"{""n_estimators"": 200, ""max_depth"": 7, ""learning_rate"": 0.05, ""subsample"": 0.8, ""colsample_bytree"": 0.6, ""reg_alpha"": 0.1, ""reg_lambda"": 10.0, ""min_child_weight"": 7}",6.767971343873474,5.510363029711175,0.4298344307734196,0.0028411497349346,4.764567057291667,0.3679450123932875,7.722654919001706,0.003151366544966,6.052344753317637,0.4393589216808084,4.9014892578125,0.3656405915176038
Macro + Sentiment (Direct)||RandomWalk||lb=5||shift=1||HOLDOUT,Macro + Sentiment (Direct)||RandomWalk||lb=5||shift=1,Macro + Sentiment (Direct),RandomWalk,5,1,{},8.62115447308385,6.925206939895431,0.5284546256595358,0.0044398070057199,5.833770751953125,0.4420793350146779,7.11910748895433,0.0027351016860013,5.429282495530985,0.3983490183629481,4.44000244140625,0.3331910741396653
Macro + Sentiment (Direct)||RandomWalk||lb=10||shift=1||HOLDOUT,Macro + Sentiment (Direct)||RandomWalk||lb=10||shift=1,Macro + Sentiment (Direct),RandomWalk,10,1,{},8.62115447308385,6.925206939895431,0.5284546256595358,0.0044398070057199,5.833770751953125,0.4420793350146779,7.11910748895433,0.0027351016860013,5.429282495530985,0.3983490183629481,4.44000244140625,0.3331910741396653
Macro + Sentiment (Direct)||RandomWalk||lb=20||shift=1||HOLDOUT,Macro + Sentiment (Direct)||RandomWalk||lb=20||shift=1,Macro + Sentiment (Direct),RandomWalk,20,1,{},8.62115447308385,6.925206939895431,0.5284546256595358,0.0044398070057199,5.833770751953125,0.4420793350146779,7.11910748895433,0.0027351016860013,5.429282495530985,0.3983490183629481,4.44000244140625,0.3331910741396653
Macro + Sentiment (Direct)||RandomWalk||lb=30||shift=1||HOLDOUT,Macro + Sentiment (Direct)||RandomWalk||lb=30||shift=1,Macro + Sentiment (Direct),RandomWalk,30,1,{},8.62115447308385,6.925206939895431,0.5284546256595358,0.0044398070057199,5.833770751953125,0.4420793350146779,7.11910748895433,0.0027351016860013,5.429282495530985,0.3983490183629481,4.44000244140625,0.3331910741396653
Macro + Sentiment (Direct)||RandomWalk||lb=60||shift=1||HOLDOUT,Macro + Sentiment (Direct)||RandomWalk||lb=60||shift=1,Macro + Sentiment (Direct),RandomWalk,60,1,{},8.62115447308385,6.925206939895431,0.5284546256595358,0.0044398070057199,5.833770751953125,0.4420793350146779,7.11910748895433,0.0027351016860013,5.429282495530985,0.3983490183629481,4.44000244140625,0.3331910741396653
Macro + Sentiment (Direct)||RandomWalk||lb=90||shift=1||HOLDOUT,Macro + Sentiment (Direct)||RandomWalk||lb=90||shift=1,Macro + Sentiment (Direct),RandomWalk,90,1,{},8.62115447308385,6.925206939895431,0.5284546256595358,0.0044398070057199,5.833770751953125,0.4420793350146779,7.11910748895433,0.0027351016860013,5.429282495530985,0.3983490183629481,4.44000244140625,0.3331910741396653
Macro + Sentiment (Direct)||SARIMA||lb=5||shift=1||HOLDOUT,Macro + Sentiment (Direct)||SARIMA||lb=5||shift=1,Macro + Sentiment (Direct),SARIMA,5,1,"{""order_p"": 2, ""order_d"": 1, ""order_q"": 1, ""seasonal_P"": 0, ""seasonal_D"": 1, ""seasonal_Q"": 1, ""seasonal_s"": 5}",44.6787689654232,38.42429904862512,2.945489986415111,0.1772098102556837,34.66454092618858,2.57513930284068,56.401715053796615,0.1629338194331013,48.515497904185416,3.509836843007931,49.837783614153295,3.6407708079876455
Macro + Sentiment (Direct)||SARIMA||lb=10||shift=1||HOLDOUT,Macro + Sentiment (Direct)||SARIMA||lb=10||shift=1,Macro + Sentiment (Direct),SARIMA,10,1,"{""order_p"": 2, ""order_d"": 1, ""order_q"": 1, ""seasonal_P"": 0, ""seasonal_D"": 1, ""seasonal_Q"": 1, ""seasonal_s"": 5}",44.6787689654232,38.42429904862512,2.945489986415111,0.1772098102556837,34.66454092618858,2.57513930284068,56.401715053796615,0.1629338194331013,48.515497904185416,3.509836843007931,49.837783614153295,3.6407708079876455
Macro + Sentiment (Direct)||SARIMA||lb=20||shift=1||HOLDOUT,Macro + Sentiment (Direct)||SARIMA||lb=20||shift=1,Macro + Sentiment (Direct),SARIMA,20,1,"{""order_p"": 2, ""order_d"": 1, ""order_q"": 1, ""seasonal_P"": 0, ""seasonal_D"": 1, ""seasonal_Q"": 1, ""seasonal_s"": 5}",44.6787689654232,38.42429904862512,2.945489986415111,0.1772098102556837,34.66454092618858,2.57513930284068,56.401715053796615,0.1629338194331013,48.515497904185416,3.509836843007931,49.837783614153295,3.6407708079876455
Macro + Sentiment (Direct)||SARIMA||lb=30||shift=1||HOLDOUT,Macro + Sentiment (Direct)||SARIMA||lb=30||shift=1,Macro + Sentiment (Direct),SARIMA,30,1,"{""order_p"": 2, ""order_d"": 1, ""order_q"": 1, ""seasonal_P"": 0, ""seasonal_D"": 1, ""seasonal_Q"": 1, ""seasonal_s"": 5}",44.6787689654232,38.42429904862512,2.945489986415111,0.1772098102556837,34.66454092618858,2.57513930284068,56.401715053796615,0.1629338194331013,48.515497904185416,3.509836843007931,49.837783614153295,3.6407708079876455
Macro + Sentiment (Direct)||SARIMA||lb=60||shift=1||HOLDOUT,Macro + Sentiment (Direct)||SARIMA||lb=60||shift=1,Macro + Sentiment (Direct),SARIMA,60,1,"{""order_p"": 2, ""order_d"": 1, ""order_q"": 1, ""seasonal_P"": 0, ""seasonal_D"": 1, ""seasonal_Q"": 1, ""seasonal_s"": 5}",44.6787689654232,38.42429904862512,2.945489986415111,0.1772098102556837,34.66454092618858,2.57513930284068,56.401715053796615,0.1629338194331013,48.515497904185416,3.509836843007931,49.837783614153295,3.6407708079876455
Macro + Sentiment (Direct)||SARIMA||lb=90||shift=1||HOLDOUT,Macro + Sentiment (Direct)||SARIMA||lb=90||shift=1,Macro + Sentiment (Direct),SARIMA,90,1,"{""order_p"": 2, ""order_d"": 1, ""order_q"": 1, ""seasonal_P"": 0, ""seasonal_D"": 1, ""seasonal_Q"": 1, ""seasonal_s"": 5}",44.6787689654232,38.42429904862512,2.945489986415111,0.1772098102556837,34.66454092618858,2.57513930284068,56.401715053796615,0.1629338194331013,48.515497904185416,3.509836843007931,49.837783614153295,3.6407708079876455
Macro + Sentiment (Direct)||RandomForest||lb=5||shift=1||HOLDOUT,Macro + Sentiment (Direct)||RandomForest||lb=5||shift=1,Macro + Sentiment (Direct),RandomForest,5,1,"{""n_estimators"": 500, ""max_depth"": 10, ""min_samples_split"": 5, ""min_samples_leaf"": 4, ""max_features"": ""log2""}",8.932219183763916,7.268887162851509,0.554158626755964,0.0047482764930812,6.461535996074758,0.4948120096785858,7.372402359339974,0.0029173204998921,5.6933773370794,0.4169315744637434,4.580348288493724,0.3433364420834698
Macro + Sentiment (Direct)||XGBoost||lb=5||shift=1||HOLDOUT,Macro + Sentiment (Direct)||XGBoost||lb=5||shift=1,Macro + Sentiment (Direct),XGBoost,5,1,"{""n_estimators"": 100, ""max_depth"": 9, ""learning_rate"": 0.01, ""subsample"": 0.7, ""colsample_bytree"": 1.0, ""reg_alpha"": 0.1, ""reg_lambda"": 5.0, ""min_child_weight"": 3}",8.901528108987652,7.214724988822478,0.5500371851624745,0.0047232593662962,6.035919189453125,0.4612346458450769,7.3369044436088435,0.0028945081158232,5.6103092870671,0.4110561382216694,4.6314697265625,0.3386397055465746
Macro + Sentiment (Direct)||RandomForest||lb=10||shift=1||HOLDOUT,Macro + Sentiment (Direct)||RandomForest||lb=10||shift=1,Macro + Sentiment (Direct),RandomForest,10,1,"{""n_estimators"": 300, ""max_depth"": 5, ""min_samples_split"": 10, ""min_samples_leaf"": 1, ""max_features"": ""log2""}",8.871905971603379,7.204008784155114,0.5489420656502947,0.0046781908432347,6.103628450114684,0.4698219431810934,7.366631729230864,0.002898917625668,5.7398311202741406,0.4197193821525326,4.849005783255961,0.3587209191117955
Macro + Sentiment (Direct)||XGBoost||lb=10||shift=1||HOLDOUT,Macro + Sentiment (Direct)||XGBoost||lb=10||shift=1,Macro + Sentiment (Direct),XGBoost,10,1,"{""n_estimators"": 300, ""max_depth"": 3, ""learning_rate"": 0.01, ""subsample"": 0.8, ""colsample_bytree"": 0.7, ""reg_alpha"": 0.01, ""reg_lambda"": 5.0, ""min_child_weight"": 7}",9.217141916190888,7.44992647703237,0.5676502998083062,0.0050460266490275,6.382339477539063,0.4877391014706205,7.266189859667976,0.0028248567334395,5.576797350318031,0.4080184176480029,4.60931396484375,0.3382248273715494
Macro + Sentiment (Direct)||RandomForest||lb=20||shift=1||HOLDOUT,Macro + Sentiment (Direct)||RandomForest||lb=20||shift=1,Macro + Sentiment (Direct),RandomForest,20,1,"{""n_estimators"": 200, ""max_depth"": 5, ""min_samples_split"": 2, ""min_samples_leaf"": 4, ""max_features"": ""sqrt""}",8.950963192866535,7.33148071061597,0.5589998807544418,0.0047791731887639,6.570021443021801,0.5062654114183778,7.287704817672291,0.0028235364689008,5.740693494356765,0.4191049301246773,4.896081135679992,0.3510806365981127
Macro + Sentiment (Direct)||XGBoost||lb=20||shift=1||HOLDOUT,Macro + Sentiment (Direct)||XGBoost||lb=20||shift=1,Macro + Sentiment (Direct),XGBoost,20,1,"{""n_estimators"": 100, ""max_depth"": 9, ""learning_rate"": 0.01, ""subsample"": 0.8, ""colsample_bytree"": 1.0, ""reg_alpha"": 0.0, ""reg_lambda"": 10.0, ""min_child_weight"": 3}",8.746441057710529,7.079750392747963,0.5401905794111316,0.004599507861509,6.043472290039063,0.4591501009427565,7.015732124521103,0.0026332009419423,5.421261822735822,0.3964820833921832,4.4854736328125,0.334685009440494
Macro + Sentiment (Direct)||RandomForest||lb=30||shift=1||HOLDOUT,Macro + Sentiment (Direct)||RandomForest||lb=30||shift=1,Macro + Sentiment (Direct),RandomForest,30,1,"{""n_estimators"": 100, ""max_depth"": 30, ""min_samples_split"": 2, ""min_samples_leaf"": 2, ""max_features"": ""log2""}",8.980326739387507,7.287128619071545,0.5567302683980314,0.0048426400110463,6.643888258153709,0.5088388079089927,7.517675713602575,0.0030011130410699,5.911618547015093,0.4311699918463364,5.022753965567745,0.367154139358511
Macro + Sentiment (Direct)||XGBoost||lb=30||shift=1||HOLDOUT,Macro + Sentiment (Direct)||XGBoost||lb=30||shift=1,Macro + Sentiment (Direct),XGBoost,30,1,"{""n_estimators"": 200, ""max_depth"": 7, ""learning_rate"": 0.01, ""subsample"": 0.8, ""colsample_bytree"": 0.9, ""reg_alpha"": 0.01, ""reg_lambda"": 5.0, ""min_child_weight"": 7}",9.086600382191625,7.412587428113009,0.5663504155193622,0.0049592755418363,6.63580322265625,0.4949757144600456,7.151136653691608,0.0027301447081866,5.515081609337075,0.4027436745689172,4.5888671875,0.3287026578950399
Macro + Sentiment (Direct)||RandomForest||lb=60||shift=1||HOLDOUT,Macro + Sentiment (Direct)||RandomForest||lb=60||shift=1,Macro + Sentiment (Direct),RandomForest,60,1,"{""n_estimators"": 200, ""max_depth"": 20, ""min_samples_split"": 10, ""min_samples_leaf"": 2, ""max_features"": ""log2""}",8.579334914167328,7.022806213273192,0.5429268663029589,0.004482103595451,6.0854427558591055,0.4710450132417721,7.484083488397045,0.0029689246879317,5.816314030816164,0.422946621134243,4.77399105722202,0.3427695939160552
Macro + Sentiment (Direct)||XGBoost||lb=60||shift=1||HOLDOUT,Macro + Sentiment (Direct)||XGBoost||lb=60||shift=1,Macro + Sentiment (Direct),XGBoost,60,1,"{""n_estimators"": 100, ""max_depth"": 3, ""learning_rate"": 0.01, ""subsample"": 0.7, ""colsample_bytree"": 0.8, ""reg_alpha"": 0.01, ""reg_lambda"": 0.1, ""min_child_weight"": 3}",8.535431658724457,7.032860640641097,0.5434342795058704,0.00439827621573,6.040557861328125,0.4628693052448753,7.640613907943202,0.0030916684079801,6.011924050071023,0.4370799398595045,4.82208251953125,0.3563605903254442
Macro + Sentiment (Direct)||RandomForest||lb=90||shift=1||HOLDOUT,Macro + Sentiment (Direct)||RandomForest||lb=90||shift=1,Macro + Sentiment (Direct),RandomForest,90,1,"{""n_estimators"": 300, ""max_depth"": 10, ""min_samples_split"": 2, ""min_samples_leaf"": 2, ""max_features"": ""sqrt""}",6.81449723334671,5.434867381305101,0.4241952879419977,0.0028713995824294,4.972369534226421,0.386399771735461,7.818961134088458,0.0032278422652532,6.119108567237717,0.4441221455962374,5.053692865012181,0.3602747252614843
Macro + Sentiment (Direct)||XGBoost||lb=90||shift=1||HOLDOUT,Macro + Sentiment (Direct)||XGBoost||lb=90||shift=1,Macro + Sentiment (Direct),XGBoost,90,1,"{""n_estimators"": 200, ""max_depth"": 7, ""learning_rate"": 0.05, ""subsample"": 1.0, ""colsample_bytree"": 1.0, ""reg_alpha"": 0.1, ""reg_lambda"": 5.0, ""min_child_weight"": 3}",6.703832049010721,5.296211011482008,0.413026323374536,0.0027587378060211,4.641845703125,0.3618341129077129,8.653365013075193,0.0039539858345655,6.868604686162243,0.4987001467459435,5.25640869140625,0.3776036610305574
Macro + Sentiment (Indirect)||RandomWalk||lb=5||shift=1||HOLDOUT,Macro + Sentiment (Indirect)||RandomWalk||lb=5||shift=1,Macro + Sentiment (Indirect),RandomWalk,5,1,{},8.62115447308385,6.925206939895431,0.5284546256595358,0.0044398070057199,5.833770751953125,0.4420793350146779,7.11910748895433,0.0027351016860013,5.429282495530985,0.3983490183629481,4.44000244140625,0.3331910741396653
Macro + Sentiment (Indirect)||RandomWalk||lb=10||shift=1||HOLDOUT,Macro + Sentiment (Indirect)||RandomWalk||lb=10||shift=1,Macro + Sentiment (Indirect),RandomWalk,10,1,{},8.62115447308385,6.925206939895431,0.5284546256595358,0.0044398070057199,5.833770751953125,0.4420793350146779,7.11910748895433,0.0027351016860013,5.429282495530985,0.3983490183629481,4.44000244140625,0.3331910741396653
Macro + Sentiment (Indirect)||RandomWalk||lb=20||shift=1||HOLDOUT,Macro + Sentiment (Indirect)||RandomWalk||lb=20||shift=1,Macro + Sentiment (Indirect),RandomWalk,20,1,{},8.62115447308385,6.925206939895431,0.5284546256595358,0.0044398070057199,5.833770751953125,0.4420793350146779,7.11910748895433,0.0027351016860013,5.429282495530985,0.3983490183629481,4.44000244140625,0.3331910741396653
Macro + Sentiment (Indirect)||RandomWalk||lb=30||shift=1||HOLDOUT,Macro + Sentiment (Indirect)||RandomWalk||lb=30||shift=1,Macro + Sentiment (Indirect),RandomWalk,30,1,{},8.62115447308385,6.925206939895431,0.5284546256595358,0.0044398070057199,5.833770751953125,0.4420793350146779,7.11910748895433,0.0027351016860013,5.429282495530985,0.3983490183629481,4.44000244140625,0.3331910741396653
Macro + Sentiment (Indirect)||RandomWalk||lb=60||shift=1||HOLDOUT,Macro + Sentiment (Indirect)||RandomWalk||lb=60||shift=1,Macro + Sentiment (Indirect),RandomWalk,60,1,{},8.62115447308385,6.925206939895431,0.5284546256595358,0.0044398070057199,5.833770751953125,0.4420793350146779,7.11910748895433,0.0027351016860013,5.429282495530985,0.3983490183629481,4.44000244140625,0.3331910741396653
Macro + Sentiment (Indirect)||RandomWalk||lb=90||shift=1||HOLDOUT,Macro + Sentiment (Indirect)||RandomWalk||lb=90||shift=1,Macro + Sentiment (Indirect),RandomWalk,90,1,{},8.62115447308385,6.925206939895431,0.5284546256595358,0.0044398070057199,5.833770751953125,0.4420793350146779,7.11910748895433,0.0027351016860013,5.429282495530985,0.3983490183629481,4.44000244140625,0.3331910741396653
Macro + Sentiment (Indirect)||SARIMA||lb=5||shift=1||HOLDOUT,Macro + Sentiment (Indirect)||SARIMA||lb=5||shift=1,Macro + Sentiment (Indirect),SARIMA,5,1,"{""order_p"": 1, ""order_d"": 1, ""order_q"": 2, ""seasonal_P"": 1, ""seasonal_D"": 0, ""seasonal_Q"": 1, ""seasonal_s"": 5}",43.21104524628481,37.035736559850754,2.813162423617108,0.1271211563330969,36.3851830911413,2.8276740276143646,72.68904165806812,0.2713119854077678,63.95299829768752,4.631324594298005,66.75817789429061,4.887378948352665
Macro + Sentiment (Indirect)||SARIMA||lb=10||shift=1||HOLDOUT,Macro + Sentiment (Indirect)||SARIMA||lb=10||shift=1,Macro + Sentiment (Indirect),SARIMA,10,1,"{""order_p"": 1, ""order_d"": 1, ""order_q"": 2, ""seasonal_P"": 1, ""seasonal_D"": 0, ""seasonal_Q"": 1, ""seasonal_s"": 5}",43.21104524628481,37.035736559850754,2.813162423617108,0.1271211563330969,36.3851830911413,2.8276740276143646,72.68904165806812,0.2713119854077678,63.95299829768752,4.631324594298005,66.75817789429061,4.887378948352665
Macro + Sentiment (Indirect)||SARIMA||lb=20||shift=1||HOLDOUT,Macro + Sentiment (Indirect)||SARIMA||lb=20||shift=1,Macro + Sentiment (Indirect),SARIMA,20,1,"{""order_p"": 1, ""order_d"": 1, ""order_q"": 2, ""seasonal_P"": 1, ""seasonal_D"": 0, ""seasonal_Q"": 1, ""seasonal_s"": 5}",43.21104524628481,37.035736559850754,2.813162423617108,0.1271211563330969,36.3851830911413,2.8276740276143646,72.68904165806812,0.2713119854077678,63.95299829768752,4.631324594298005,66.75817789429061,4.887378948352665
Macro + Sentiment (Indirect)||SARIMA||lb=30||shift=1||HOLDOUT,Macro + Sentiment (Indirect)||SARIMA||lb=30||shift=1,Macro + Sentiment (Indirect),SARIMA,30,1,"{""order_p"": 1, ""order_d"": 1, ""order_q"": 2, ""seasonal_P"": 1, ""seasonal_D"": 0, ""seasonal_Q"": 1, ""seasonal_s"": 5}",43.21104524628481,37.035736559850754,2.813162423617108,0.1271211563330969,36.3851830911413,2.8276740276143646,72.68904165806812,0.2713119854077678,63.95299829768752,4.631324594298005,66.75817789429061,4.887378948352665
Macro + Sentiment (Indirect)||SARIMA||lb=60||shift=1||HOLDOUT,Macro + Sentiment (Indirect)||SARIMA||lb=60||shift=1,Macro + Sentiment (Indirect),SARIMA,60,1,"{""order_p"": 1, ""order_d"": 1, ""order_q"": 2, ""seasonal_P"": 1, ""seasonal_D"": 0, ""seasonal_Q"": 1, ""seasonal_s"": 5}",43.21104524628481,37.035736559850754,2.813162423617108,0.1271211563330969,36.3851830911413,2.8276740276143646,72.68904165806812,0.2713119854077678,63.95299829768752,4.631324594298005,66.75817789429061,4.887378948352665
Macro + Sentiment (Indirect)||SARIMA||lb=90||shift=1||HOLDOUT,Macro + Sentiment (Indirect)||SARIMA||lb=90||shift=1,Macro + Sentiment (Indirect),SARIMA,90,1,"{""order_p"": 1, ""order_d"": 1, ""order_q"": 2, ""seasonal_P"": 1, ""seasonal_D"": 0, ""seasonal_Q"": 1, ""seasonal_s"": 5}",43.21104524628481,37.035736559850754,2.813162423617108,0.1271211563330969,36.3851830911413,2.8276740276143646,72.68904165806812,0.2713119854077678,63.95299829768752,4.631324594298005,66.75817789429061,4.887378948352665
Macro + Sentiment (Indirect)||RandomForest||lb=5||shift=1||HOLDOUT,Macro + Sentiment (Indirect)||RandomForest||lb=5||shift=1,Macro + Sentiment (Indirect),RandomForest,5,1,"{""n_estimators"": 200, ""max_depth"": 5, ""min_samples_split"": 5, ""min_samples_leaf"": 1, ""max_features"": ""log2""}",8.98432682644737,7.299051292741657,0.5563744183662032,0.0047929930708718,6.252270208994162,0.4743972803218595,7.502674334265595,0.0030125326434747,5.817471797813479,0.425702245074486,4.975242348693655,0.3696645591422965
Macro + Sentiment (Indirect)||XGBoost||lb=5||shift=1||HOLDOUT,Macro + Sentiment (Indirect)||XGBoost||lb=5||shift=1,Macro + Sentiment (Indirect),XGBoost,5,1,"{""n_estimators"": 200, ""max_depth"": 3, ""learning_rate"": 0.01, ""subsample"": 0.7, ""colsample_bytree"": 0.7, ""reg_alpha"": 0.01, ""reg_lambda"": 5.0, ""min_child_weight"": 5}",9.203012920041257,7.492815204762537,0.5712185531546368,0.0050163835885953,6.471527099609375,0.4980125064056801,7.368645123787073,0.0029146759916666,5.653586119284362,0.4140643894872772,4.76025390625,0.3514970383281493
Macro + Sentiment (Indirect)||RandomForest||lb=10||shift=1||HOLDOUT,Macro + Sentiment (Indirect)||RandomForest||lb=10||shift=1,Macro + Sentiment (Indirect),RandomForest,10,1,"{""n_estimators"": 500, ""max_depth"": 15, ""min_samples_split"": 10, ""min_samples_leaf"": 4, ""max_features"": ""log2""}",8.862702052854004,7.194317582758485,0.5482434891907273,0.0046680387458238,6.147732010817464,0.4664675626979574,7.329656480578183,0.0028718063260176,5.699721202584178,0.4168795762746437,4.703705414649221,0.3427250341436293
Macro + Sentiment (Indirect)||XGBoost||lb=10||shift=1||HOLDOUT,Macro + Sentiment (Indirect)||XGBoost||lb=10||shift=1,Macro + Sentiment (Indirect),XGBoost,10,1,"{""n_estimators"": 100, ""max_depth"": 3, ""learning_rate"": 0.01, ""subsample"": 0.8, ""colsample_bytree"": 0.9, ""reg_alpha"": 0.1, ""reg_lambda"": 0.1, ""min_child_weight"": 3}",9.115737848988417,7.402640502377333,0.5636529414647498,0.0049034512742784,6.351776123046875,0.4840876868094683,7.528576776824033,0.003018176893506,5.885533695727323,0.4300582688273238,5.1083984375,0.3776253974460624
Macro + Sentiment (Indirect)||RandomForest||lb=20||shift=1||HOLDOUT,Macro + Sentiment (Indirect)||RandomForest||lb=20||shift=1,Macro + Sentiment (Indirect),RandomForest,20,1,"{""n_estimators"": 200, ""max_depth"": 5, ""min_samples_split"": 2, ""min_samples_leaf"": 4, ""max_features"": ""sqrt""}",8.95771541685517,7.342417278235677,0.5598389149769302,0.0047834080144877,6.563496061000819,0.5044236618387123,7.412864074185445,0.0029169980353156,5.875802940162451,0.4288275951684793,5.04395149654647,0.3713053403930169
Macro + Sentiment (Indirect)||XGBoost||lb=20||shift=1||HOLDOUT,Macro + Sentiment (Indirect)||XGBoost||lb=20||shift=1,Macro + Sentiment (Indirect),XGBoost,20,1,"{""n_estimators"": 100, ""max_depth"": 3, ""learning_rate"": 0.01, ""subsample"": 0.8, ""colsample_bytree"": 0.7, ""reg_alpha"": 0.1, ""reg_lambda"": 10.0, ""min_child_weight"": 3}",8.761968824264969,7.116624485806126,0.5428827819731472,0.0046103214047666,6.1295166015625,0.4672012189944104,6.98724907350557,0.0026108025108049,5.417103520146123,0.396141229737158,4.5367431640625,0.3342074121742711
Macro + Sentiment (Indirect)||RandomForest||lb=30||shift=1||HOLDOUT,Macro + Sentiment (Indirect)||RandomForest||lb=30||shift=1,Macro + Sentiment (Indirect),RandomForest,30,1,"{""n_estimators"": 100, ""max_depth"": 10, ""min_samples_split"": 5, ""min_samples_leaf"": 1, ""max_features"": ""sqrt""}",9.18392415011494,7.429492067262406,0.5669792805620444,0.0050460095512542,6.6225707730661725,0.4997215246288424,7.903954656552933,0.0032939945581414,6.300574722600867,0.4586387813151141,5.476810041750923,0.4074284163666154
Macro + Sentiment (Indirect)||XGBoost||lb=30||shift=1||HOLDOUT,Macro + Sentiment (Indirect)||XGBoost||lb=30||shift=1,Macro + Sentiment (Indirect),XGBoost,30,1,"{""n_estimators"": 200, ""max_depth"": 5, ""learning_rate"": 0.01, ""subsample"": 1.0, ""colsample_bytree"": 0.9, ""reg_alpha"": 0.1, ""reg_lambda"": 5.0, ""min_child_weight"": 7}",9.16255648385954,7.44062358577077,0.568569594774496,0.0050296775603315,6.402313232421875,0.495867466611177,7.135314708702779,0.0027203976994146,5.48271993988926,0.4005427353870708,4.4896240234375,0.3267580069106741
Macro + Sentiment (Indirect)||RandomForest||lb=60||shift=1||HOLDOUT,Macro + Sentiment (Indirect)||RandomForest||lb=60||shift=1,Macro + Sentiment (Indirect),RandomForest,60,1,"{""n_estimators"": 500, ""max_depth"": 10, ""min_samples_split"": 5, ""min_samples_leaf"": 1, ""max_features"": ""log2""}",8.48156841169407,6.951112408123101,0.5373525717782772,0.0043630181817685,6.009283739501086,0.4623889066987554,7.5772244464353875,0.0030413568892661,5.920985813645867,0.4304302817560116,4.967196797068368,0.3616987286929184
Macro + Sentiment (Indirect)||XGBoost||lb=60||shift=1||HOLDOUT,Macro + Sentiment (Indirect)||XGBoost||lb=60||shift=1,Macro + Sentiment (Indirect),XGBoost,60,1,"{""n_estimators"": 300, ""max_depth"": 9, ""learning_rate"": 0.05, ""subsample"": 1.0, ""colsample_bytree"": 1.0, ""reg_alpha"": 0.0, ""reg_lambda"": 1.0, ""min_child_weight"": 1}",8.373362867437049,6.815343165135646,0.526881321950229,0.0042406739065481,5.734283447265625,0.4414843629382822,8.467855616829143,0.0037965961219906,6.631887262517756,0.4822864115915099,5.70611572265625,0.411880771506141
Macro + Sentiment (Indirect)||RandomForest||lb=90||shift=1||HOLDOUT,Macro + Sentiment (Indirect)||RandomForest||lb=90||shift=1,Macro + Sentiment (Indirect),RandomForest,90,1,"{""n_estimators"": 100, ""max_depth"": 30, ""min_samples_split"": 5, ""min_samples_leaf"": 2, ""max_features"": ""log2""}",6.867589502677448,5.44761164756644,0.4253535948018612,0.0029206414152314,5.165784581869237,0.4047496513621405,7.4396121403547,0.0029405293418436,5.732300063277684,0.4168096857668209,4.626056161305314,0.3355118126594192
Macro + Sentiment (Indirect)||XGBoost||lb=90||shift=1||HOLDOUT,Macro + Sentiment (Indirect)||XGBoost||lb=90||shift=1,Macro + Sentiment (Indirect),XGBoost,90,1,"{""n_estimators"": 200, ""max_depth"": 9, ""learning_rate"": 0.1, ""subsample"": 0.8, ""colsample_bytree"": 1.0, ""reg_alpha"": 0.0, ""reg_lambda"": 1.0, ""min_child_weight"": 3}",6.765762490333618,5.397168708570075,0.4210418609657846,0.0028182124972736,4.554484049479167,0.3521718600931923,7.50510687677049,0.0029896175410093,5.603805751016695,0.4072628172754914,4.04736328125,0.2894368964821996
ALL||RandomWalk||lb=5||shift=1||HOLDOUT,ALL||RandomWalk||lb=5||shift=1,ALL,RandomWalk,5,1,{},8.62115447308385,6.925206939895431,0.5284546256595358,0.0044398070057199,5.833770751953125,0.4420793350146779,7.11910748895433,0.0027351016860013,5.429282495530985,0.3983490183629481,4.44000244140625,0.3331910741396653
ALL||RandomWalk||lb=10||shift=1||HOLDOUT,ALL||RandomWalk||lb=10||shift=1,ALL,RandomWalk,10,1,{},8.62115447308385,6.925206939895431,0.5284546256595358,0.0044398070057199,5.833770751953125,0.4420793350146779,7.11910748895433,0.0027351016860013,5.429282495530985,0.3983490183629481,4.44000244140625,0.3331910741396653
ALL||RandomWalk||lb=20||shift=1||HOLDOUT,ALL||RandomWalk||lb=20||shift=1,ALL,RandomWalk,20,1,{},8.62115447308385,6.925206939895431,0.5284546256595358,0.0044398070057199,5.833770751953125,0.4420793350146779,7.11910748895433,0.0027351016860013,5.429282495530985,0.3983490183629481,4.44000244140625,0.3331910741396653
ALL||RandomWalk||lb=30||shift=1||HOLDOUT,ALL||RandomWalk||lb=30||shift=1,ALL,RandomWalk,30,1,{},8.62115447308385,6.925206939895431,0.5284546256595358,0.0044398070057199,5.833770751953125,0.4420793350146779,7.11910748895433,0.0027351016860013,5.429282495530985,0.3983490183629481,4.44000244140625,0.3331910741396653
ALL||RandomWalk||lb=60||shift=1||HOLDOUT,ALL||RandomWalk||lb=60||shift=1,ALL,RandomWalk,60,1,{},8.62115447308385,6.925206939895431,0.5284546256595358,0.0044398070057199,5.833770751953125,0.4420793350146779,7.11910748895433,0.0027351016860013,5.429282495530985,0.3983490183629481,4.44000244140625,0.3331910741396653
ALL||RandomWalk||lb=90||shift=1||HOLDOUT,ALL||RandomWalk||lb=90||shift=1,ALL,RandomWalk,90,1,{},8.62115447308385,6.925206939895431,0.5284546256595358,0.0044398070057199,5.833770751953125,0.4420793350146779,7.11910748895433,0.0027351016860013,5.429282495530985,0.3983490183629481,4.44000244140625,0.3331910741396653
ALL||SARIMA||lb=5||shift=1||HOLDOUT,ALL||SARIMA||lb=5||shift=1,ALL,SARIMA,5,1,"{""order_p"": 1, ""order_d"": 0, ""order_q"": 1, ""seasonal_P"": 1, ""seasonal_D"": 1, ""seasonal_Q"": 0, ""seasonal_s"": 5}",42.24905629731157,35.99008631361666,2.745038849031597,0.1301234096806833,36.58381487786454,2.72448200761424,78.85565746489343,0.3204047726473379,70.53035543259749,5.113509556751468,73.09735066359463,5.341605468240216
ALL||SARIMA||lb=10||shift=1||HOLDOUT,ALL||SARIMA||lb=10||shift=1,ALL,SARIMA,10,1,"{""order_p"": 1, ""order_d"": 0, ""order_q"": 1, ""seasonal_P"": 1, ""seasonal_D"": 1, ""seasonal_Q"": 0, ""seasonal_s"": 5}",42.24905629731157,35.99008631361666,2.745038849031597,0.1301234096806833,36.58381487786454,2.72448200761424,78.85565746489343,0.3204047726473379,70.53035543259749,5.113509556751468,73.09735066359463,5.341605468240216
ALL||SARIMA||lb=20||shift=1||HOLDOUT,ALL||SARIMA||lb=20||shift=1,ALL,SARIMA,20,1,"{""order_p"": 1, ""order_d"": 0, ""order_q"": 1, ""seasonal_P"": 1, ""seasonal_D"": 1, ""seasonal_Q"": 0, ""seasonal_s"": 5}",42.24905629731157,35.99008631361666,2.745038849031597,0.1301234096806833,36.58381487786454,2.72448200761424,78.85565746489343,0.3204047726473379,70.53035543259749,5.113509556751468,73.09735066359463,5.341605468240216
ALL||SARIMA||lb=30||shift=1||HOLDOUT,ALL||SARIMA||lb=30||shift=1,ALL,SARIMA,30,1,"{""order_p"": 1, ""order_d"": 0, ""order_q"": 1, ""seasonal_P"": 1, ""seasonal_D"": 1, ""seasonal_Q"": 0, ""seasonal_s"": 5}",42.24905629731157,35.99008631361666,2.745038849031597,0.1301234096806833,36.58381487786454,2.72448200761424,78.85565746489343,0.3204047726473379,70.53035543259749,5.113509556751468,73.09735066359463,5.341605468240216
ALL||SARIMA||lb=60||shift=1||HOLDOUT,ALL||SARIMA||lb=60||shift=1,ALL,SARIMA,60,1,"{""order_p"": 1, ""order_d"": 0, ""order_q"": 1, ""seasonal_P"": 1, ""seasonal_D"": 1, ""seasonal_Q"": 0, ""seasonal_s"": 5}",42.24905629731157,35.99008631361666,2.745038849031597,0.1301234096806833,36.58381487786454,2.72448200761424,78.85565746489343,0.3204047726473379,70.53035543259749,5.113509556751468,73.09735066359463,5.341605468240216
ALL||SARIMA||lb=90||shift=1||HOLDOUT,ALL||SARIMA||lb=90||shift=1,ALL,SARIMA,90,1,"{""order_p"": 1, ""order_d"": 0, ""order_q"": 1, ""seasonal_P"": 1, ""seasonal_D"": 1, ""seasonal_Q"": 0, ""seasonal_s"": 5}",42.24905629731157,35.99008631361666,2.745038849031597,0.1301234096806833,36.58381487786454,2.72448200761424,78.85565746489343,0.3204047726473379,70.53035543259749,5.113509556751468,73.09735066359463,5.341605468240216
ALL||RandomForest||lb=5||shift=1||HOLDOUT,ALL||RandomForest||lb=5||shift=1,ALL,RandomForest,5,1,"{""n_estimators"": 100, ""max_depth"": 30, ""min_samples_split"": 5, ""min_samples_leaf"": 4, ""max_features"": ""log2""}",8.892533966634451,7.179357044193292,0.547441173812798,0.0047167445318327,6.253117003657508,0.4733844032791362,7.275692284815425,0.0028442854376978,5.645635815682727,0.4135533258388432,4.907256936050317,0.3643446013336972
ALL||XGBoost||lb=5||shift=1||HOLDOUT,ALL||XGBoost||lb=5||shift=1,ALL,XGBoost,5,1,"{""n_estimators"": 500, ""max_depth"": 5, ""learning_rate"": 0.03, ""subsample"": 0.8, ""colsample_bytree"": 0.7, ""reg_alpha"": 0.01, ""reg_lambda"": 5.0, ""min_child_weight"": 1}",9.441409234047404,7.661970143918987,0.583960264231314,0.0052770439712663,6.5050048828125,0.4932858600480325,7.534642533201165,0.0030576478412858,5.797071580762987,0.4248648257841427,4.66796875,0.3455422128224497
ALL||RandomForest||lb=10||shift=1||HOLDOUT,ALL||RandomForest||lb=10||shift=1,ALL,RandomForest,10,1,"{""n_estimators"": 200, ""max_depth"": 10, ""min_samples_split"": 2, ""min_samples_leaf"": 1, ""max_features"": ""sqrt""}",8.911575489155512,7.213926623711485,0.5496612235979916,0.0047051156348954,6.285154995934903,0.478313972367067,7.528454797739245,0.0030239411434928,5.881187505962151,0.4298493017438025,4.922565609296157,0.3698259745406411
ALL||XGBoost||lb=10||shift=1||HOLDOUT,ALL||XGBoost||lb=10||shift=1,ALL,XGBoost,10,1,"{""n_estimators"": 100, ""max_depth"": 3, ""learning_rate"": 0.01, ""subsample"": 0.7, ""colsample_bytree"": 0.6, ""reg_alpha"": 0.1, ""reg_lambda"": 5.0, ""min_child_weight"": 7}",8.832915988583514,7.160557673527644,0.5460244165231444,0.0046488507389367,6.2272491455078125,0.4706022950024848,7.21951491569809,0.0027923764406601,5.584114007190266,0.4086670091364435,4.644775390625,0.3394761403072522
ALL||RandomForest||lb=20||shift=1||HOLDOUT,ALL||RandomForest||lb=20||shift=1,ALL,RandomForest,20,1,"{""n_estimators"": 100, ""max_depth"": 30, ""min_samples_split"": 2, ""min_samples_leaf"": 1, ""max_features"": ""log2""}",8.670015179299462,6.9676337613656045,0.531452895000501,0.0045144667921448,6.050840682983392,0.4567934864310534,7.737559673010879,0.0031732482015923,6.1063111474382605,0.4454084945852931,4.97218914794928,0.3702108809715093
ALL||XGBoost||lb=20||shift=1||HOLDOUT,ALL||XGBoost||lb=20||shift=1,ALL,XGBoost,20,1,"{""n_estimators"": 300, ""max_depth"": 7, ""learning_rate"": 0.01, ""subsample"": 0.7, ""colsample_bytree"": 0.9, ""reg_alpha"": 0.0, ""reg_lambda"": 10.0, ""min_child_weight"": 7}",8.969439462684358,7.262794104378547,0.5542218308122431,0.0047852352917649,6.089691162109375,0.4717709337163196,7.101957473937492,0.0026932173577495,5.549109564887153,0.4055401116889129,4.72857666015625,0.3409665014507578
ALL||RandomForest||lb=30||shift=1||HOLDOUT,ALL||RandomForest||lb=30||shift=1,ALL,RandomForest,30,1,"{""n_estimators"": 500, ""max_depth"": 15, ""min_samples_split"": 2, ""min_samples_leaf"": 1, ""max_features"": ""log2""}",8.970037566976092,7.271002797815131,0.5552366148414113,0.0048208905902766,6.203310959101884,0.4794561582975739,7.319657097655454,0.002850949744549,5.742585847796052,0.4189967652801454,4.955997457802937,0.3605090536344643
ALL||XGBoost||lb=30||shift=1||HOLDOUT,ALL||XGBoost||lb=30||shift=1,ALL,XGBoost,30,1,"{""n_estimators"": 100, ""max_depth"": 3, ""learning_rate"": 0.01, ""subsample"": 0.9, ""colsample_bytree"": 0.6, ""reg_alpha"": 1.0, ""reg_lambda"": 1.0, ""min_child_weight"": 3}",9.052827388588046,7.392678686708237,0.5647782984001929,0.004891906232337,6.410980224609375,0.4912703064538801,7.076262751370958,0.0026742969502716,5.491650035080401,0.4011929893193654,4.6630859375,0.3445741787226942
ALL||RandomForest||lb=60||shift=1||HOLDOUT,ALL||RandomForest||lb=60||shift=1,ALL,RandomForest,60,1,"{""n_estimators"": 300, ""max_depth"": 20, ""min_samples_split"": 10, ""min_samples_leaf"": 1, ""max_features"": ""log2""}",8.476521312507757,6.96705930332797,0.5385879072999786,0.0043711011419338,5.933010279174823,0.4589343939576906,7.584198078566244,0.003045256807647,5.928967868200556,0.4309863806896069,4.712085620827452,0.3439724762639817
ALL||XGBoost||lb=60||shift=1||HOLDOUT,ALL||XGBoost||lb=60||shift=1,ALL,XGBoost,60,1,"{""n_estimators"": 200, ""max_depth"": 7, ""learning_rate"": 0.03, ""subsample"": 1.0, ""colsample_bytree"": 0.9, ""reg_alpha"": 0.0, ""reg_lambda"": 1.0, ""min_child_weight"": 7}",8.581185145529371,7.036329248449304,0.5439630856281279,0.0044500924779117,6.299484252929688,0.4908798267762981,8.893296954940327,0.0041598161539679,6.989360462535512,0.5074009410144422,5.91485595703125,0.426649201633104
ALL||RandomForest||lb=90||shift=1||HOLDOUT,ALL||RandomForest||lb=90||shift=1,ALL,RandomForest,90,1,"{""n_estimators"": 200, ""max_depth"": 15, ""min_samples_split"": 10, ""min_samples_leaf"": 4, ""max_features"": ""0.8""}",6.921941797882579,5.528637007299635,0.4311123757485608,0.0029525366526309,4.68535982109745,0.3644336618517108,7.491967638911938,0.0029722460229865,5.824115746030306,0.4230555313339569,4.691169510937243,0.3425887160182091
ALL||XGBoost||lb=90||shift=1||HOLDOUT,ALL||XGBoost||lb=90||shift=1,ALL,XGBoost,90,1,"{""n_estimators"": 500, ""max_depth"": 3, ""learning_rate"": 0.05, ""subsample"": 1.0, ""colsample_bytree"": 0.7, ""reg_alpha"": 0.01, ""reg_lambda"": 5.0, ""min_child_weight"": 3}",6.878820739791808,5.539092092803031,0.4321938997256795,0.0029519173913245,4.6995849609375,0.3668740954064518,7.971956509670006,0.0033610243486901,6.245027725010703,0.4539525929477134,4.8797607421875,0.3552482592983929
