"날짜","종가","시가","고가","저가","거래량","변동 %"
"2024- 12- 30","5,050","5,065","5,110","5,045","4.16M","-0.59%"
"2024- 12- 27","5,080","5,110","5,110","4,960","1.80M","-0.88%"
"2024- 12- 26","5,125","5,165","5,175","5,115","2.17M","-1.06%"
"2024- 12- 24","5,180","5,220","5,220","5,175","606.36K","-0.77%"
"2024- 12- 23","5,220","5,245","5,260","5,215","457.49K","0.00%"
"2024- 12- 20","5,220","5,235","5,250","5,215","1.09M","0.00%"
"2024- 12- 19","5,220","5,215","5,245","5,205","1.22M","-2.25%"
"2024- 12- 18","5,340","5,320","5,345","5,315","259.18K","0.38%"
"2024- 12- 17","5,320","5,325","5,350","5,315","406.46K","-0.56%"
"2024- 12- 16","5,350","5,375","5,400","5,320","1.90M","-0.37%"
"2024- 12- 13","5,370","5,360","5,375","5,345","488.85K","-0.09%"
"2024- 12- 12","5,375","5,385","5,395","5,350","400.81K","0.00%"
"2024- 12- 11","5,375","5,355","5,395","5,345","1.43M","-0.46%"
"2024- 12- 10","5,400","5,370","5,410","5,365","407.36K","1.22%"
"2024- 12- 09","5,335","5,405","5,410","5,320","1.25M","-2.47%"
"2024- 12- 06","5,470","5,495","5,500","5,390","878.37K","-0.55%"
"2024- 12- 05","5,500","5,525","5,530","5,490","928.47K","-0.72%"
"2024- 12- 04","5,540","5,520","5,570","5,485","1.72M","-1.16%"
"2024- 12- 03","5,605","5,575","5,615","5,575","336.28K","0.18%"
"2024- 12- 02","5,595","5,645","5,650","5,585","440.21K","-1.06%"
"2024- 11- 29","5,655","5,655","5,665","5,635","341.72K","0.18%"
"2024- 11- 28","5,645","5,675","5,680","5,640","702.38K","0.09%"
"2024- 11- 27","5,640","5,670","5,670","5,630","242.95K","0.09%"
"2024- 11- 26","5,635","5,590","5,665","5,565","1.27M","0.45%"
"2024- 11- 25","5,610","5,625","5,660","5,610","589.59K","-0.09%"
"2024- 11- 22","5,615","5,615","5,635","5,605","476.69K","-0.44%"
"2024- 11- 21","5,640","5,635","5,650","5,625","408.53K","-1.05%"
"2024- 11- 20","5,700","5,685","5,715","5,665","358.46K","0.09%"
"2024- 11- 19","5,695","5,675","5,710","5,665","692.02K","0.53%"
"2024- 11- 18","5,665","5,645","5,715","5,640","734.63K","0.80%"
"2024- 11- 15","5,620","5,565","5,630","5,550","550.82K","0.99%"
"2024- 11- 14","5,565","5,575","5,600","5,530","573.12K","0.00%"
"2024- 11- 13","5,565","5,555","5,590","5,535","1.10M","-0.63%"
"2024- 11- 12","5,600","5,635","5,635","5,590","1.06M","-1.15%"
"2024- 11- 11","5,665","5,665","5,680","5,640","699.34K","-1.05%"
"2024- 11- 08","5,725","5,740","5,760","5,715","1.63M","1.15%"
"2024- 11- 07","5,660","5,630","5,660","5,590","1.11M","-0.18%"
"2024- 11- 06","5,670","5,840","5,840","5,635","3.10M","-2.33%"
"2024- 11- 05","5,805","5,840","5,845","5,795","264.21K","-1.19%"
"2024- 11- 04","5,875","5,810","5,885","5,810","554.62K","1.38%"
"2024- 11- 01","5,795","5,825","5,835","5,790","505.59K","0.00%"
"2024- 10- 31","5,795","5,780","5,815","5,780","473.74K","0.26%"
"2024- 10- 30","5,780","5,760","5,780","5,755","360.22K","0.52%"
"2024- 10- 29","5,750","5,775","5,810","5,740","393.91K","-0.17%"
"2024- 10- 28","5,760","5,715","5,770","5,710","706.30K","0.52%"
"2024- 10- 25","5,730","5,805","5,815","5,715","1.26M","-1.29%"
"2024- 10- 24","5,805","5,790","5,820","5,785","373.32K","0.26%"
"2024- 10- 23","5,790","5,805","5,805","5,760","564.04K","-0.26%"
"2024- 10- 22","5,805","5,810","5,825","5,780","507.46K","-0.77%"
"2024- 10- 21","5,850","5,900","5,920","5,845","366.66K","-0.76%"
"2024- 10- 18","5,895","5,880","5,895","5,865","564.29K","-0.17%"
"2024- 10- 17","5,905","5,935","5,945","5,895","503.60K","-0.92%"
"2024- 10- 16","5,960","5,950","5,970","5,920","395.80K","-0.25%"
"2024- 10- 15","5,975","6,015","6,020","5,950","472.20K","-0.75%"
"2024- 10- 14","6,020","6,060","6,070","5,990","515.20K","-0.99%"
"2024- 10- 11","6,080","6,070","6,110","6,060","345.60K","0.08%"
"2024- 10- 10","6,075","6,090","6,090","6,065","429.19K","-0.08%"
"2024- 10- 08","6,080","6,105","6,120","6,055","416.64K","-0.33%"
"2024- 10- 07","6,100","6,115","6,135","6,075","854.34K","-2.32%"
"2024- 10- 04","6,245","6,235","6,245","6,215","621.97K","-1.89%"
"2024- 10- 02","6,365","6,335","6,400","6,315","491.28K","-1.85%"
"2024- 09- 30","6,485","6,450","6,520","6,435","924.69K","1.81%"
"2024- 09- 27","6,370","6,375","6,405","6,335","718.64K","1.27%"
"2024- 09- 26","6,290","6,220","6,290","6,220","174.67K","0.48%"
"2024- 09- 25","6,260","6,310","6,330","6,260","320.48K","0.64%"
"2024- 09- 24","6,220","6,230","6,245","6,210","208.70K","0.00%"
"2024- 09- 23","6,220","6,250","6,250","6,205","242.36K","-0.80%"
"2024- 09- 20","6,270","6,295","6,295","6,255","311.34K","0.00%"
"2024- 09- 19","6,270","6,310","6,310","6,205","436.94K","-0.08%"
"2024- 09- 13","6,275","6,210","6,295","6,210","395.30K","1.29%"
"2024- 09- 12","6,195","6,180","6,200","6,160","198.41K","-0.08%"
"2024- 09- 11","6,200","6,160","6,210","6,140","306.52K","0.81%"
"2024- 09- 10","6,150","6,165","6,165","6,130","278.43K","-0.73%"
"2024- 09- 09","6,195","6,215","6,215","6,175","215.24K","-1.67%"
"2024- 09- 06","6,300","6,245","6,310","6,235","362.34K","1.12%"
"2024- 09- 05","6,230","6,230","6,255","6,200","332.34K","1.05%"
"2024- 09- 04","6,165","6,160","6,185","6,150","189.04K","-0.08%"
"2024- 09- 03","6,170","6,210","6,210","6,150","220.17K","-0.56%"
"2024- 09- 02","6,205","6,215","6,220","6,175","170.08K","-0.48%"
"2024- 08- 30","6,235","6,245","6,255","6,230","108.80K","-0.40%"
"2024- 08- 29","6,260","6,215","6,265","6,205","164.61K","0.89%"
"2024- 08- 28","6,205","6,295","6,300","6,200","296.74K","-1.19%"
"2024- 08- 27","6,280","6,300","6,300","6,265","161.67K","-0.48%"
"2024- 08- 26","6,310","6,330","6,380","6,300","751.32K","1.61%"
"2024- 08- 23","6,210","6,180","6,215","6,165","165.23K","-0.48%"
"2024- 08- 22","6,240","6,255","6,265","6,205","196.85K","0.16%"
"2024- 08- 21","6,230","6,300","6,315","6,220","345.05K","-0.48%"
"2024- 08- 20","6,260","6,285","6,335","6,230","882.76K","0.00%"
"2024- 08- 19","6,260","6,095","6,285","6,095","2.29M","3.73%"
"2024- 08- 16","6,035","5,975","6,040","5,975","249.85K","0.25%"
"2024- 08- 14","6,020","5,990","6,030","5,985","316.69K","1.35%"
"2024- 08- 13","5,940","5,940","5,955","5,925","140.32K","0.25%"
"2024- 08- 12","5,925","5,970","5,995","5,920","245.51K","-0.92%"
"2024- 08- 09","5,980","5,900","6,010","5,880","615.87K","1.79%"
"2024- 08- 08","5,875","5,880","5,895","5,860","214.01K","-0.25%"
"2024- 08- 07","5,890","5,900","5,910","5,865","262.59K","-0.08%"
"2024- 08- 06","5,895","5,925","5,965","5,895","463.58K","-0.17%"
"2024- 08- 05","5,905","6,025","6,075","5,905","1.89M","-0.42%"
"2024- 08- 02","5,930","5,935","5,960","5,880","515.11K","-0.84%"
"2024- 08- 01","5,980","5,940","6,010","5,940","1.36M","1.61%"
"2024- 07- 31","5,885","5,825","5,885","5,820","629.43K","1.12%"
"2024- 07- 30","5,820","5,850","5,850","5,810","769.71K","-0.51%"
"2024- 07- 29","5,850","5,815","5,860","5,810","612.75K","0.60%"
"2024- 07- 26","5,815","5,820","5,840","5,800","488.03K","0.00%"
"2024- 07- 25","5,815","5,825","5,835","5,795","479.79K","-0.26%"
"2024- 07- 24","5,830","5,810","5,840","5,800","429.46K","0.26%"
"2024- 07- 23","5,815","5,805","5,840","5,800","702.65K","0.26%"
"2024- 07- 22","5,800","5,805","5,810","5,780","535.62K","-0.17%"
"2024- 07- 19","5,810","5,815","5,825","5,800","988.94K","-0.77%"
"2024- 07- 18","5,855","5,880","5,895","5,850","459.35K","0.09%"
"2024- 07- 17","5,850","5,830","5,870","5,830","489.68K","0.43%"
"2024- 07- 16","5,825","5,835","5,835","5,810","381.08K","-0.26%"
"2024- 07- 15","5,840","5,885","5,890","5,840","571.39K","-0.60%"
"2024- 07- 12","5,875","5,920","5,940","5,870","640.36K","0.00%"
"2024- 07- 11","5,875","5,845","5,890","5,840","724.25K","0.95%"
"2024- 07- 10","5,820","5,840","5,840","5,805","770.31K","-0.43%"
"2024- 07- 09","5,845","5,845","5,860","5,820","502.19K","0.00%"
"2024- 07- 08","5,845","5,885","5,895","5,845","318.84K","-0.34%"
"2024- 07- 05","5,865","5,870","5,890","5,855","721.58K","0.09%"
"2024- 07- 04","5,860","5,815","5,865","5,810","1.26M","1.30%"
"2024- 07- 03","5,785","5,815","5,825","5,770","781.82K","-0.34%"
"2024- 07- 02","5,805","5,845","5,845","5,785","626.00K","-1.02%"
"2024- 07- 01","5,865","5,850","5,890","5,835","365.80K","-0.34%"
"2024- 06- 28","5,885","5,815","5,890","5,800","1.33M","1.20%"
"2024- 06- 27","5,815","5,770","5,820","5,765","1.00M","0.17%"
"2024- 06- 26","5,805","5,790","5,805","5,780","557.72K","-0.26%"
"2024- 06- 25","5,820","5,825","5,840","5,805","403.84K","0.34%"
"2024- 06- 24","5,800","5,785","5,805","5,775","480.95K","-0.26%"
"2024- 06- 21","5,815","5,785","5,825","5,770","1.15M","-0.43%"
"2024- 06- 20","5,840","5,865","5,865","5,830","1.07M","-0.51%"
"2024- 06- 19","5,870","5,885","5,890","5,860","594.18K","-0.09%"
"2024- 06- 18","5,875","5,885","5,890","5,860","909.16K","-0.25%"
"2024- 06- 17","5,890","5,845","5,890","5,840","967.11K","0.00%"
"2024- 06- 14","5,890","5,915","5,915","5,885","610.49K","-0.59%"
"2024- 06- 13","5,925","5,955","5,985","5,915","866.83K","0.25%"
"2024- 06- 12","5,910","5,895","5,915","5,880","731.81K","0.17%"
"2024- 06- 11","5,900","5,925","5,925","5,895","613.53K","-0.25%"
"2024- 06- 10","5,915","5,895","5,920","5,870","1.26M","-1.33%"
"2024- 06- 07","5,995","5,990","6,025","5,970","509.72K","0.76%"
"2024- 06- 05","5,950","5,940","5,990","5,915","528.63K","0.51%"
"2024- 06- 04","5,920","5,945","5,970","5,910","396.89K","0.08%"
"2024- 06- 03","5,915","5,870","5,930","5,860","498.75K","1.02%"
"2024- 05- 31","5,855","5,915","5,915","5,840","832.39K","-0.76%"
"2024- 05- 30","5,900","5,960","5,960","5,885","1.08M","-2.07%"
"2024- 05- 29","6,025","6,025","6,035","6,005","205.87K","-0.99%"
"2024- 05- 28","6,085","6,050","6,100","6,035","532.28K","1.00%"
"2024- 05- 27","6,025","6,005","6,025","6,000","157.66K","0.67%"
"2024- 05- 24","5,985","5,980","5,995","5,955","516.19K","-0.83%"
"2024- 05- 23","6,035","6,000","6,045","5,990","362.20K","-0.08%"
"2024- 05- 22","6,040","6,010","6,055","6,005","202.18K","0.08%"
"2024- 05- 21","6,035","6,050","6,050","6,000","673.52K","-0.98%"
"2024- 05- 20","6,095","6,105","6,110","6,075","173.31K","-0.16%"
"2024- 05- 17","6,105","6,155","6,165","6,075","342.54K","-1.21%"
"2024- 05- 16","6,180","6,090","6,185","6,030","1.70M","3.09%"
"2024- 05- 14","5,995","6,005","6,010","5,980","155.12K","0.00%"
"2024- 05- 13","5,995","5,985","6,005","5,955","218.28K","-0.08%"
"2024- 05- 10","6,000","6,005","6,020","5,990","668.73K","0.25%"
"2024- 05- 09","5,985","6,035","6,040","5,975","1.10M","-0.75%"
"2024- 05- 08","6,030","6,070","6,070","6,010","420.19K","-0.66%"
"2024- 05- 07","6,070","6,095","6,110","6,070","913.18K","0.58%"
"2024- 05- 03","6,035","5,990","6,055","5,975","1.25M","1.86%"
"2024- 05- 02","5,925","5,905","5,945","5,880","390.34K","0.68%"
"2024- 04- 30","5,885","5,945","5,960","5,885","408.23K","-0.68%"
"2024- 04- 29","5,925","5,930","5,950","5,865","612.68K","-0.34%"
"2024- 04- 26","5,945","5,960","5,960","5,915","174.91K","-0.08%"
"2024- 04- 25","5,950","5,930","5,950","5,915","251.76K","-0.67%"
"2024- 04- 24","5,990","5,970","6,010","5,960","718.95K","1.27%"
"2024- 04- 23","5,915","5,920","5,940","5,905","340.65K","0.17%"
"2024- 04- 22","5,905","5,935","5,935","5,875","431.07K","0.25%"
"2024- 04- 19","5,890","5,900","5,905","5,795","1.39M","-1.26%"
"2024- 04- 18","5,965","5,905","5,980","5,890","1.21M","1.79%"
"2024- 04- 17","5,860","5,815","5,885","5,810","1.06M","1.03%"
"2024- 04- 16","5,800","5,830","5,850","5,750","2.55M","-1.44%"
"2024- 04- 15","5,885","5,910","5,910","5,860","1.38M","-1.59%"
"2024- 04- 12","5,980","6,035","6,040","5,965","1.71M","-1.32%"
"2024- 04- 11","6,060","6,060","6,080","6,050","1.36M","-1.38%"
"2024- 04- 09","6,145","6,155","6,160","6,135","414.25K","-0.08%"
"2024- 04- 08","6,150","6,160","6,165","6,135","385.22K","-0.24%"
"2024- 04- 05","6,165","6,185","6,195","6,150","609.88K","-0.64%"
"2024- 04- 04","6,205","6,225","6,235","6,200","314.42K","0.00%"
"2024- 04- 03","6,205","6,175","6,210","6,160","504.49K","0.57%"
"2024- 04- 02","6,170","6,150","6,185","6,135","735.59K","-0.48%"
"2024- 04- 01","6,200","6,240","6,250","6,195","483.21K","-0.40%"
"2024- 03- 29","6,225","6,205","6,235","6,190","385.18K","-0.08%"
"2024- 03- 28","6,230","6,200","6,250","6,170","698.82K","-0.08%"
"2024- 03- 27","6,235","6,270","6,275","6,205","1.52M","-0.95%"
"2024- 03- 26","6,295","6,295","6,330","6,270","514.63K","0.24%"
"2024- 03- 25","6,280","6,265","6,330","6,250","1.06M","-0.48%"
"2024- 03- 22","6,310","6,355","6,380","6,280","1.85M","-2.09%"
"2024- 03- 21","6,445","6,370","6,450","6,365","1.19M","2.30%"
"2024- 03- 20","6,300","6,315","6,320","6,290","549.76K","-0.16%"
"2024- 03- 19","6,310","6,325","6,330","6,290","916.07K","-0.71%"
"2024- 03- 18","6,355","6,370","6,375","6,345","330.89K","-0.55%"
"2024- 03- 15","6,390","6,445","6,445","6,380","322.24K","-1.69%"
"2024- 03- 14","6,500","6,545","6,545","6,495","97.82K","-0.54%"
"2024- 03- 13","6,535","6,565","6,585","6,530","206.13K","-0.61%"
"2024- 03- 12","6,575","6,565","6,605","6,550","444.89K","0.00%"
"2024- 03- 11","6,575","6,510","6,580","6,495","505.16K","1.39%"
"2024- 03- 10","6,485","6,485","6,485","6,485","","0.00%"
"2024- 03- 08","6,485","6,435","6,485","6,420","476.29K","1.65%"
"2024- 03- 07","6,380","6,380","6,415","6,370","314.88K","0.39%"
"2024- 03- 06","6,355","6,350","6,365","6,320","354.96K","0.00%"
"2024- 03- 05","6,355","6,375","6,380","6,350","170.23K","-0.47%"
"2024- 03- 04","6,385","6,375","6,410","6,370","277.22K","0.24%"
"2024- 02- 29","6,370","6,340","6,370","6,330","300.99K","0.31%"
"2024- 02- 28","6,350","6,380","6,380","6,325","370.52K","-0.63%"
"2024- 02- 27","6,390","6,380","6,395","6,370","74.94K","0.00%"
"2024- 02- 26","6,390","6,395","6,400","6,370","108.39K","-0.08%"
"2024- 02- 23","6,395","6,415","6,420","6,380","145.91K","-0.16%"
"2024- 02- 22","6,405","6,365","6,410","6,350","357.66K","0.95%"
"2024- 02- 21","6,345","6,340","6,370","6,325","354.60K","0.32%"
"2024- 02- 20","6,325","6,340","6,340","6,315","582.09K","-0.32%"
"2024- 02- 19","6,345","6,355","6,390","6,340","243.21K","-0.16%"
"2024- 02- 16","6,355","6,400","6,405","6,355","153.37K","-0.16%"
"2024- 02- 15","6,365","6,395","6,395","6,355","149.40K","0.00%"
"2024- 02- 14","6,365","6,310","6,370","6,300","2.30M","-1.01%"
"2024- 02- 13","6,430","6,425","6,430","6,410","943.55K","0.08%"
"2024- 02- 08","6,425","6,430","6,450","6,405","155.16K","-0.08%"
"2024- 02- 07","6,430","6,435","6,475","6,420","336.12K","-0.08%"
"2024- 02- 06","6,435","6,365","6,450","6,355","1.04M","0.63%"
"2024- 02- 05","6,395","6,350","6,395","6,320","945.14K","-1.16%"
"2024- 02- 02","6,470","6,420","6,490","6,420","809.70K","1.25%"
"2024- 02- 01","6,390","6,355","6,410","6,355","246.81K","0.31%"
"2024- 01- 31","6,370","6,395","6,420","6,350","300.23K","-0.62%"
"2024- 01- 30","6,410","6,375","6,420","6,375","347.68K","0.87%"
"2024- 01- 29","6,355","6,340","6,365","6,325","208.29K","0.00%"
"2024- 01- 26","6,355","6,340","6,380","6,320","297.23K","0.08%"
"2024- 01- 25","6,350","6,365","6,375","6,340","329.30K","0.16%"
"2024- 01- 24","6,340","6,340","6,345","6,310","363.39K","-0.63%"
"2024- 01- 23","6,380","6,320","6,385","6,315","267.48K","0.71%"
"2024- 01- 22","6,335","6,385","6,415","6,330","400.30K","0.00%"
"2024- 01- 19","6,335","6,330","6,380","6,325","1.10M","0.16%"
"2024- 01- 18","6,325","6,280","6,325","6,260","473.46K","0.48%"
"2024- 01- 17","6,295","6,350","6,350","6,260","1.18M","-1.79%"
"2024- 01- 16","6,410","6,520","6,520","6,395","882.21K","-1.69%"
"2024- 01- 15","6,520","6,570","6,570","6,500","642.77K","-0.91%"
"2024- 01- 12","6,580","6,585","6,605","6,550","415.26K","0.08%"
"2024- 01- 11","6,575","6,535","6,575","6,525","362.46K","0.77%"
"2024- 01- 10","6,525","6,535","6,545","6,510","641.11K","-0.68%"
"2024- 01- 09","6,570","6,595","6,630","6,560","435.73K","0.08%"
"2024- 01- 08","6,565","6,575","6,600","6,550","628.65K","-0.15%"
"2024- 01- 05","6,575","6,600","6,615","6,560","1.14M","-0.90%"
"2024- 01- 04","6,635","6,625","6,640","6,615","762.70K","-0.60%"
"2024- 01- 03","6,675","6,625","6,675","6,605","813.51K","-0.74%"
"2024- 01- 02","6,725","6,810","6,825","6,685","549.03K","-1.82%"
"2023- 12- 28","6,850","6,810","6,860","6,800","545.77K","0.88%"
"2023- 12- 27","6,790","6,780","6,810","6,765","473.17K","0.15%"
"2023- 12- 26","6,780","6,740","6,805","6,725","649.38K","1.12%"
"2023- 12- 22","6,705","6,755","6,760","6,705","278.43K","0.22%"
"2023- 12- 21","6,690","6,710","6,715","6,685","210.00K","-0.82%"
"2023- 12- 20","6,745","6,705","6,760","6,700","396.42K","1.12%"
"2023- 12- 19","6,670","6,720","6,735","6,650","536.67K","-1.33%"
"2023- 12- 18","6,760","6,720","6,775","6,715","264.51K","-0.22%"
"2023- 12- 15","6,775","6,815","6,820","6,760","565.69K","0.07%"
"2023- 12- 14","6,770","6,765","6,800","6,750","973.79K","3.36%"
"2023- 12- 13","6,550","6,620","6,620","6,545","197.74K","-0.76%"
"2023- 12- 12","6,600","6,585","6,600","6,570","190.15K","0.15%"
"2023- 12- 11","6,590","6,590","6,605","6,550","561.84K","-1.13%"
"2023- 12- 08","6,665","6,575","6,695","6,570","882.05K","2.38%"
"2023- 12- 07","6,510","6,595","6,595","6,490","1.28M","-1.74%"
"2023- 12- 06","6,625","6,630","6,650","6,615","231.70K","-0.15%"
"2023- 12- 05","6,635","6,665","6,675","6,615","707.90K","-1.26%"
"2023- 12- 04","6,720","6,785","6,800","6,695","361.57K","0.30%"
"2023- 12- 01","6,700","6,765","6,780","6,680","499.67K","-2.33%"
"2023- 11- 30","6,860","6,870","6,900","6,815","494.25K","0.00%"
"2023- 11- 29","6,860","6,880","6,905","6,835","718.53K","0.37%"
"2023- 11- 28","6,835","6,780","6,860","6,780","671.92K","1.71%"
"2023- 11- 27","6,720","6,725","6,750","6,675","328.79K","0.22%"
"2023- 11- 24","6,705","6,765","6,790","6,705","190.52K","-1.32%"
"2023- 11- 23","6,795","6,750","6,810","6,745","325.19K","0.37%"
"2023- 11- 22","6,770","6,815","6,865","6,765","427.48K","-1.53%"
"2023- 11- 21","6,875","6,890","6,925","6,850","503.76K","0.36%"
"2023- 11- 20","6,850","6,815","6,915","6,770","557.42K","0.88%"
"2023- 11- 17","6,790","6,825","6,865","6,780","407.45K","0.07%"
"2023- 11- 16","6,785","6,720","6,815","6,670","344.95K","0.30%"
"2023- 11- 15","6,765","6,695","6,785","6,685","881.16K","4.16%"
"2023- 11- 14","6,495","6,565","6,585","6,480","408.72K","-0.54%"
"2023- 11- 13","6,530","6,610","6,610","6,510","343.49K","-1.21%"
"2023- 11- 10","6,610","6,605","6,630","6,585","189.85K","-0.90%"
"2023- 11- 09","6,670","6,685","6,745","6,645","193.64K","0.00%"
"2023- 11- 08","6,670","6,725","6,790","6,655","409.26K","-0.37%"
"2023- 11- 07","6,695","6,780","6,780","6,675","770.54K","-1.47%"
"2023- 11- 06","6,795","6,680","6,800","6,650","2.11M","3.58%"
"2023- 11- 03","6,560","6,430","6,610","6,420","1.38M","2.90%"
"2023- 11- 02","6,375","6,315","6,385","6,310","592.99K","2.16%"
"2023- 11- 01","6,240","6,290","6,290","6,230","302.80K","-1.03%"
"2023- 10- 31","6,305","6,325","6,340","6,275","344.51K","0.24%"
"2023- 10- 30","6,290","6,240","6,305","6,240","120.15K","0.40%"
"2023- 10- 27","6,265","6,285","6,315","6,255","336.05K","0.72%"
"2023- 10- 26","6,220","6,280","6,285","6,215","382.12K","-1.66%"
"2023- 10- 25","6,325","6,365","6,365","6,315","299.65K","-0.78%"
"2023- 10- 24","6,375","6,350","6,385","6,345","487.99K","1.51%"
"2023- 10- 23","6,280","6,305","6,305","6,270","121.32K","0.00%"
"2023- 10- 20","6,280","6,245","6,315","6,230","389.16K","0.48%"
"2023- 10- 19","6,250","6,260","6,275","6,230","404.81K","-1.19%"
"2023- 10- 18","6,325","6,265","6,330","6,265","507.39K","0.56%"
"2023- 10- 17","6,290","6,330","6,330","6,280","378.98K","0.08%"
"2023- 10- 16","6,285","6,325","6,325","6,270","367.22K","-0.63%"
"2023- 10- 15","6,325","6,325","6,325","6,325","","0.00%"
"2023- 10- 13","6,325","6,320","6,350","6,315","545.49K","-1.40%"
"2023- 10- 12","6,415","6,430","6,435","6,380","226.54K","0.00%"
"2023- 10- 11","6,415","6,375","6,430","6,375","698.10K","1.58%"
"2023- 10- 10","6,315","6,320","6,375","6,305","632.36K","0.00%"
"2023- 10- 06","6,315","6,345","6,360","6,315","326.25K","0.16%"
"2023- 10- 05","6,305","6,280","6,355","6,280","459.33K","1.53%"
"2023- 10- 04","6,210","6,240","6,260","6,210","602.43K","-2.20%"
"2023- 10- 03","6,350","6,350","6,350","6,350","","0.00%"
"2023- 09- 27","6,350","6,290","6,355","6,280","675.26K","0.16%"
"2023- 09- 26","6,340","6,425","6,450","6,335","947.94K","-2.01%"
"2023- 09- 25","6,470","6,465","6,510","6,460","297.36K","0.08%"
"2023- 09- 22","6,465","6,410","6,470","6,410","318.98K","0.54%"
"2023- 09- 21","6,430","6,495","6,495","6,410","916.33K","-1.61%"
"2023- 09- 20","6,535","6,535","6,560","6,520","156.66K","-0.15%"
"2023- 09- 19","6,545","6,600","6,625","6,545","255.23K","-0.68%"
"2023- 09- 18","6,590","6,550","6,595","6,545","232.15K","0.38%"
"2023- 09- 15","6,565","6,530","6,570","6,530","331.02K","-0.15%"
"2023- 09- 14","6,575","6,540","6,585","6,540","151.20K","0.61%"
"2023- 09- 13","6,535","6,555","6,575","6,530","246.92K","-0.23%"
"2023- 09- 12","6,550","6,570","6,585","6,550","418.48K","0.46%"
"2023- 09- 11","6,520","6,500","6,535","6,490","438.02K","0.23%"
"2023- 09- 10","6,505","6,505","6,505","6,505","","0.00%"
"2023- 09- 08","6,505","6,480","6,515","6,475","231.33K","0.23%"
"2023- 09- 07","6,490","6,500","6,520","6,465","493.62K","-0.76%"
"2023- 09- 06","6,540","6,515","6,545","6,470","603.20K","0.00%"
"2023- 09- 05","6,540","6,645","6,645","6,540","468.61K","-1.51%"
"2023- 09- 04","6,640","6,635","6,675","6,620","224.19K","-0.15%"
"2023- 09- 01","6,650","6,595","6,670","6,595","522.16K","0.53%"
"2023- 08- 31","6,615","6,620","6,630","6,590","178.10K","0.15%"
"2023- 08- 30","6,605","6,645","6,650","6,600","213.98K","-0.30%"
"2023- 08- 29","6,625","6,610","6,635","6,590","321.57K","0.23%"
"2023- 08- 28","6,610","6,600","6,640","6,590","294.62K","0.15%"
"2023- 08- 25","6,600","6,555","6,620","6,550","363.73K","-0.23%"
"2023- 08- 24","6,615","6,540","6,635","6,540","1.68M","2.48%"
"2023- 08- 23","6,455","6,450","6,490","6,445","343.61K","-0.54%"
"2023- 08- 22","6,490","6,455","6,490","6,435","571.98K","0.93%"
"2023- 08- 21","6,430","6,460","6,470","6,430","808.10K","-0.69%"
"2023- 08- 18","6,475","6,445","6,525","6,440","653.59K","0.47%"
"2023- 08- 17","6,445","6,435","6,455","6,425","1.00M","-0.69%"
"2023- 08- 16","6,490","6,475","6,500","6,450","1.23M","-1.14%"
"2023- 08- 14","6,565","6,560","6,580","6,515","1.63M","-0.91%"
"2023- 08- 13","6,625","6,625","6,625","6,625","","0.00%"
"2023- 08- 11","6,625","6,685","6,685","6,615","951.08K","-1.19%"
"2023- 08- 10","6,705","6,695","6,710","6,660","431.72K","0.00%"
"2023- 08- 09","6,705","6,700","6,715","6,650","948.64K","-0.07%"
"2023- 08- 08","6,710","6,805","6,815","6,700","761.84K","-1.40%"
"2023- 08- 07","6,805","6,795","6,875","6,790","384.96K","0.44%"
"2023- 08- 04","6,775","6,895","6,900","6,765","873.46K","-1.53%"
"2023- 08- 03","6,880","6,890","6,925","6,845","452.19K","-0.29%"
"2023- 08- 02","6,900","7,015","7,020","6,900","552.65K","-2.20%"
"2023- 08- 01","7,055","7,125","7,145","7,050","330.44K","-1.60%"
"2023- 07- 31","7,170","7,135","7,210","7,115","404.26K","0.63%"
"2023- 07- 28","7,125","7,055","7,130","7,045","194.38K","0.00%"
"2023- 07- 27","7,125","7,165","7,220","7,110","167.86K","-0.21%"
"2023- 07- 26","7,140","7,115","7,140","7,060","150.62K","0.21%"
"2023- 07- 25","7,125","7,080","7,125","7,030","116.35K","0.64%"
"2023- 07- 24","7,080","7,015","7,085","6,995","228.81K","0.28%"
"2023- 07- 21","7,060","7,125","7,125","7,035","331.90K","-2.08%"
"2023- 07- 20","7,210","7,245","7,290","7,210","113.79K","-0.55%"
"2023- 07- 19","7,250","7,270","7,290","7,210","175.29K","-0.68%"
"2023- 07- 18","7,300","7,235","7,345","7,235","377.92K","0.90%"
"2023- 07- 17","7,235","7,200","7,270","7,195","260.08K","-0.21%"
"2023- 07- 14","7,250","7,220","7,310","7,190","1.17M","1.47%"
"2023- 07- 13","7,145","7,160","7,175","7,045","795.10K","1.93%"
"2023- 07- 12","7,010","6,970","7,025","6,940","401.57K","0.72%"
"2023- 07- 11","6,960","6,890","6,990","6,875","784.59K","1.90%"
"2023- 07- 10","6,830","6,890","6,900","6,820","457.10K","-0.07%"
"2023- 07- 07","6,835","6,815","6,845","6,785","231.96K","-0.58%"
"2023- 07- 06","6,875","6,855","6,885","6,820","244.68K","-0.36%"
"2023- 07- 05","6,900","6,915","6,920","6,830","383.24K","0.44%"
"2023- 07- 04","6,870","6,810","6,895","6,800","550.46K","0.88%"
"2023- 07- 03","6,810","6,745","6,835","6,730","719.47K","1.41%"
"2023- 07- 02","6,715","6,715","6,715","6,715","","0.00%"
"2023- 06- 30","6,715","6,690","6,725","6,660","598.06K","-0.15%"
"2023- 06- 29","6,725","6,805","6,840","6,720","848.53K","-1.54%"
"2023- 06- 28","6,830","6,915","6,915","6,825","246.56K","-1.16%"
"2023- 06- 27","6,910","6,855","6,920","6,825","261.78K","0.88%"
"2023- 06- 26","6,850","6,825","6,895","6,810","232.63K","-0.22%"
"2023- 06- 23","6,865","6,965","6,965","6,830","468.89K","-1.44%"
"2023- 06- 22","6,965","7,025","7,030","6,960","119.88K","-0.21%"
"2023- 06- 21","6,980","7,055","7,060","6,970","285.58K","-1.90%"
"2023- 06- 20","7,115","7,100","7,145","7,075","107.28K","0.00%"
"2023- 06- 19","7,115","7,155","7,165","7,090","335.93K","-1.32%"
"2023- 06- 16","7,210","7,190","7,235","7,165","399.03K","1.12%"
"2023- 06- 15","7,130","7,165","7,200","7,060","358.77K","-0.21%"
"2023- 06- 14","7,145","7,255","7,255","7,125","665.00K","-1.04%"
"2023- 06- 13","7,220","7,085","7,235","7,080","944.17K","2.56%"
"2023- 06- 12","7,040","7,020","7,045","6,980","453.58K","0.57%"
"2023- 06- 09","7,000","6,945","7,000","6,935","656.15K","1.74%"
"2023- 06- 08","6,880","6,850","6,890","6,830","352.09K","0.15%"
"2023- 06- 07","6,870","6,925","6,950","6,870","588.55K","0.51%"
"2023- 06- 05","6,835","6,860","6,860","6,810","319.61K","-0.29%"
"2023- 06- 02","6,855","6,800","6,870","6,780","796.71K","2.24%"
"2023- 06- 01","6,705","6,705","6,735","6,695","327.58K","0.45%"
"2023- 05- 31","6,675","6,720","6,765","6,675","373.60K","-0.07%"
"2023- 05- 30","6,680","6,690","6,745","6,655","433.24K","0.15%"
"2023- 05- 26","6,670","6,630","6,690","6,625","228.97K","0.00%"
"2023- 05- 25","6,670","6,755","6,755","6,665","347.44K","-1.33%"
"2023- 05- 24","6,760","6,740","6,775","6,720","172.06K","-0.52%"
"2023- 05- 23","6,795","6,775","6,840","6,775","546.34K","0.82%"
"2023- 05- 22","6,740","6,650","6,770","6,650","768.85K","1.28%"
"2023- 05- 19","6,655","6,585","6,655","6,575","550.23K","1.06%"
"2023- 05- 18","6,585","6,585","6,625","6,560","440.50K","0.46%"
"2023- 05- 17","6,555","6,550","6,565","6,510","393.83K","0.00%"
"2023- 05- 16","6,555","6,580","6,600","6,545","358.48K","-0.30%"
"2023- 05- 15","6,575","6,535","6,595","6,520","472.16K","-0.38%"
"2023- 05- 12","6,600","6,665","6,700","6,565","775.34K","-1.27%"
"2023- 05- 11","6,685","6,760","6,775","6,685","419.62K","-0.22%"
"2023- 05- 10","6,700","6,705","6,720","6,675","169.14K","-0.07%"
"2023- 05- 09","6,705","6,725","6,735","6,670","257.61K","-0.45%"
"2023- 05- 08","6,735","6,745","6,750","6,690","628.14K","0.37%"
"2023- 05- 04","6,710","6,600","6,740","6,595","895.58K","2.13%"
"2023- 05- 03","6,570","6,540","6,585","6,530","256.26K","0.54%"
"2023- 05- 02","6,535","6,530","6,570","6,525","660.82K","-0.68%"
"2023- 05- 01","6,580","6,580","6,580","6,580","","0.00%"
"2023- 04- 28","6,580","6,565","6,580","6,535","646.06K","0.23%"
"2023- 04- 27","6,565","6,580","6,580","6,525","751.61K","-0.38%"
"2023- 04- 26","6,590","6,565","6,600","6,545","616.42K","-0.60%"
"2023- 04- 25","6,630","6,630","6,655","6,580","360.20K","0.45%"
"2023- 04- 24","6,600","6,640","6,670","6,585","499.01K","-1.05%"
"2023- 04- 21","6,670","6,710","6,725","6,650","304.60K","-0.82%"
"2023- 04- 20","6,725","6,660","6,755","6,635","757.96K","0.22%"
"2023- 04- 19","6,710","6,785","6,820","6,710","370.42K","-1.03%"
"2023- 04- 18","6,780","6,780","6,795","6,750","439.39K","-1.09%"
"2023- 04- 17","6,855","6,900","6,910","6,815","571.32K","-1.58%"
"2023- 04- 14","6,965","6,880","7,010","6,880","684.50K","1.75%"
"2023- 04- 13","6,845","6,720","6,870","6,690","553.56K","1.94%"
"2023- 04- 12","6,715","6,750","6,755","6,710","305.08K","-0.52%"
"2023- 04- 11","6,750","6,770","6,800","6,745","459.93K","-0.37%"
"2023- 04- 10","6,775","6,805","6,805","6,735","384.58K","-0.29%"
"2023- 04- 07","6,795","6,790","6,795","6,770","204.28K","0.22%"
"2023- 04- 06","6,780","6,795","6,805","6,770","386.00K","-1.17%"
"2023- 04- 05","6,860","6,845","6,885","6,825","260.53K","0.66%"
"2023- 04- 04","6,815","6,865","6,920","6,815","513.43K","0.00%"
"2023- 04- 03","6,815","6,940","6,940","6,770","958.53K","-2.15%"
"2023- 03- 31","6,965","7,020","7,105","6,965","504.60K","-0.43%"
"2023- 03- 30","6,995","6,945","7,010","6,905","235.68K","0.36%"
"2023- 03- 29","6,970","7,020","7,040","6,960","213.33K","-0.57%"
"2023- 03- 28","7,010","7,005","7,060","7,000","234.78K","0.43%"
"2023- 03- 27","6,980","7,055","7,065","6,955","626.81K","-1.27%"
"2023- 03- 24","7,070","7,130","7,175","7,065","569.33K","-2.15%"
"2023- 03- 23","7,225","7,000","7,245","6,995","1.29M","4.26%"
"2023- 03- 22","6,930","6,945","6,975","6,915","404.85K","0.51%"
"2023- 03- 21","6,895","6,945","6,975","6,895","418.86K","0.07%"
"2023- 03- 20","6,890","6,990","7,015","6,870","497.69K","-0.93%"
"2023- 03- 17","6,955","6,975","7,015","6,900","412.01K","1.16%"
"2023- 03- 16","6,875","6,850","6,930","6,835","471.85K","-1.43%"
"2023- 03- 15","6,975","6,955","7,050","6,955","301.41K","0.87%"
"2023- 03- 14","6,915","7,040","7,045","6,915","528.27K","-1.36%"
"2023- 03- 13","7,010","6,840","7,035","6,840","781.24K","3.55%"
"2023- 03- 12","6,770","6,770","6,770","6,770","","0.00%"
"2023- 03- 10","6,770","6,765","6,815","6,725","565.25K","-0.37%"
"2023- 03- 09","6,795","6,845","6,860","6,795","286.97K","-0.15%"
"2023- 03- 08","6,805","6,850","6,865","6,775","999.79K","-3.27%"
"2023- 03- 07","7,035","7,045","7,060","7,020","175.35K","-0.57%"
"2023- 03- 06","7,075","7,075","7,095","7,030","362.36K","0.86%"
"2023- 03- 03","7,015","6,920","7,035","6,910","409.76K","2.04%"
"2023- 03- 02","6,875","6,945","6,985","6,875","445.88K","1.10%"
"2023- 02- 28","6,800","6,845","6,880","6,760","444.76K","0.00%"
"2023- 02- 27","6,800","6,880","6,915","6,795","707.39K","-2.93%"
"2023- 02- 26","7,005","7,005","7,005","7,005","","0.00%"
"2023- 02- 24","7,005","7,070","7,080","6,995","272.22K","-0.99%"
"2023- 02- 23","7,075","7,025","7,110","6,985","353.00K","1.14%"
"2023- 02- 22","6,995","6,975","7,045","6,970","288.33K","-1.48%"
"2023- 02- 21","7,100","7,095","7,120","7,075","116.91K","-0.21%"
"2023- 02- 20","7,115","7,065","7,125","7,055","233.20K","0.78%"
"2023- 02- 17","7,060","7,205","7,205","7,025","336.96K","-2.22%"
"2023- 02- 16","7,220","7,240","7,285","7,180","444.12K","-0.41%"
"2023- 02- 15","7,250","7,365","7,365","7,225","256.68K","-2.16%"
"2023- 02- 14","7,410","7,365","7,430","7,355","123.24K","1.30%"
"2023- 02- 13","7,315","7,420","7,440","7,300","290.82K","-1.94%"
"2023- 02- 10","7,460","7,470","7,490","7,440","262.75K","-0.73%"
"2023- 02- 09","7,515","7,500","7,525","7,445","165.69K","0.00%"
"2023- 02- 08","7,515","7,590","7,620","7,505","201.82K","-0.73%"
"2023- 02- 07","7,570","7,515","7,610","7,515","189.44K","-0.46%"
"2023- 02- 06","7,605","7,680","7,715","7,605","544.60K","-3.80%"
"2023- 02- 03","7,905","7,970","7,970","7,900","279.75K","-1.43%"
"2023- 02- 02","8,020","8,005","8,070","7,990","494.45K","1.78%"
"2023- 02- 01","7,880","7,895","7,895","7,860","224.60K","0.06%"
"2023- 01- 31","7,875","7,875","7,930","7,860","522.10K","-0.63%"
"2023- 01- 30","7,925","7,895","7,935","7,890","306.81K","0.70%"
"2023- 01- 27","7,870","7,880","7,920","7,860","227.77K","-0.13%"
"2023- 01- 26","7,880","7,890","7,895","7,865","397.48K","0.13%"
"2023- 01- 25","7,870","7,830","7,870","7,825","261.65K","0.45%"
"2023- 01- 24","7,835","7,835","7,835","7,835","","0.00%"
"2023- 01- 20","7,835","7,845","7,895","7,805","359.98K","-0.44%"
"2023- 01- 19","7,870","7,815","7,870","7,750","496.32K","0.96%"
"2023- 01- 18","7,795","7,790","7,825","7,690","404.08K","0.06%"
"2023- 01- 17","7,790","7,790","7,820","7,755","221.13K","-0.45%"
"2023- 01- 16","7,825","7,770","7,870","7,770","479.04K","0.84%"
"2023- 01- 13","7,760","7,785","7,830","7,710","362.11K","0.78%"
"2023- 01- 12","7,700","7,745","7,775","7,695","175.97K","0.06%"
"2023- 01- 11","7,695","7,750","7,780","7,650","310.91K","-0.39%"
"2023- 01- 10","7,725","7,770","7,820","7,725","635.28K","0.00%"
"2023- 01- 09","7,725","7,580","7,735","7,575","1.42M","3.83%"
"2023- 01- 06","7,440","7,385","7,530","7,365","643.48K","0.07%"
"2023- 01- 05","7,435","7,460","7,460","7,370","503.09K","0.54%"
"2023- 01- 04","7,395","7,310","7,420","7,300","523.82K","-0.20%"
"2023- 01- 03","7,410","7,435","7,475","7,320","492.05K","0.41%"
"2023- 01- 02","7,380","7,515","7,530","7,380","350.86K","-1.14%"
"2022- 12- 29","7,465","7,415","7,505","7,410","561.84K","0.20%"
"2022- 12- 28","7,450","7,385","7,460","7,385","898.65K","0.47%"
"2022- 12- 27","7,415","7,395","7,480","7,370","833.18K","0.75%"
"2022- 12- 26","7,360","7,315","7,370","7,290","404.68K","0.96%"
"2022- 12- 23","7,290","7,220","7,320","7,210","414.74K","-0.95%"
"2022- 12- 22","7,360","7,270","7,385","7,255","643.75K","1.38%"
"2022- 12- 21","7,260","7,225","7,270","7,195","591.35K","0.97%"
"2022- 12- 20","7,190","7,055","7,265","7,035","1.05M","1.70%"
"2022- 12- 19","7,070","6,980","7,120","6,960","534.99K","0.64%"
"2022- 12- 16","7,025","7,000","7,035","6,890","203.59K","-0.64%"
"2022- 12- 15","7,070","7,140","7,140","7,070","251.91K","-1.19%"
"2022- 12- 14","7,155","7,195","7,195","7,095","537.37K","1.13%"
"2022- 12- 13","7,075","7,055","7,105","7,000","338.09K","0.93%"
"2022- 12- 12","7,010","7,035","7,040","6,960","275.29K","-1.13%"
"2022- 12- 09","7,090","6,910","7,105","6,895","599.27K","2.60%"
"2022- 12- 08","6,910","6,930","6,935","6,855","149.50K","0.58%"
"2022- 12- 07","6,870","6,880","6,965","6,825","251.04K","-0.43%"
"2022- 12- 06","6,900","7,060","7,085","6,900","721.58K","-4.10%"
"2022- 12- 05","7,195","7,125","7,220","7,115","753.33K","1.27%"
"2022- 12- 04","7,105","7,105","7,105","7,105","","0.00%"
"2022- 12- 02","7,105","7,085","7,135","7,060","602.46K","-0.14%"
"2022- 12- 01","7,115","7,100","7,150","7,025","1.23M","2.74%"
"2022- 11- 30","6,925","6,800","6,940","6,800","619.27K","1.54%"
"2022- 11- 29","6,820","6,660","6,865","6,660","505.68K","1.94%"
"2022- 11- 28","6,690","6,720","6,755","6,670","539.48K","-2.41%"
"2022- 11- 25","6,855","6,830","6,905","6,760","578.74K","0.66%"
"2022- 11- 24","6,810","6,730","6,850","6,695","574.62K","3.34%"
"2022- 11- 23","6,590","6,585","6,635","6,550","374.08K","0.61%"
"2022- 11- 22","6,550","6,505","6,595","6,480","262.07K","-0.15%"
"2022- 11- 21","6,560","6,690","6,695","6,545","757.43K","-2.24%"
"2022- 11- 18","6,710","6,715","6,745","6,660","445.25K","-0.22%"
"2022- 11- 17","6,725","6,820","6,820","6,660","458.07K","-2.04%"
"2022- 11- 16","6,865","6,950","6,970","6,795","899.55K","-1.08%"
"2022- 11- 15","6,940","6,855","6,960","6,845","709.27K","1.31%"
"2022- 11- 14","6,850","6,900","7,045","6,790","2.56M","-0.87%"
"2022- 11- 13","6,910","6,910","6,910","6,910","","0.00%"
"2022- 11- 11","6,910","6,650","6,980","6,640","5.79M","7.97%"
"2022- 11- 10","6,400","6,435","6,540","6,400","2.02M","-1.69%"
"2022- 11- 09","6,510","6,350","6,545","6,340","10.29M","3.17%"
"2022- 11- 08","6,310","6,240","6,330","6,235","12.83M","2.35%"
"2022- 11- 07","6,165","6,095","6,185","6,075","3.05M","2.24%"
"2022- 11- 04","6,030","5,975","6,055","5,940","2.67M","0.67%"
"2022- 11- 03","5,990","5,975","6,035","5,950","1.99M","-0.91%"
"2022- 11- 02","6,045","6,040","6,055","6,010","1.38M","0.00%"
"2022- 11- 01","6,045","5,970","6,065","5,940","2.98M","0.83%"
"2022- 10- 31","5,995","6,020","6,035","5,975","1.17M","-0.33%"
"2022- 10- 28","6,015","6,005","6,065","5,990","1.36M","-0.33%"
"2022- 10- 27","6,035","6,070","6,080","5,990","1.89M","1.00%"
"2022- 10- 26","5,975","5,940","5,995","5,920","1.27M","1.01%"
"2022- 10- 25","5,915","5,830","5,925","5,820","2.09M","0.85%"
"2022- 10- 24","5,865","5,930","5,945","5,850","1.34M","0.17%"
"2022- 10- 21","5,855","5,915","5,930","5,850","1.54M","-1.01%"
"2022- 10- 20","5,915","5,910","5,960","5,885","1.42M","-0.92%"
"2022- 10- 19","5,970","5,995","6,080","5,950","1.78M","-0.67%"
"2022- 10- 18","6,010","5,950","6,035","5,930","1.36M","1.78%"
"2022- 10- 17","5,905","5,860","5,925","5,845","1.24M","-0.84%"
"2022- 10- 16","5,955","5,955","5,955","5,955","","0.00%"
"2022- 10- 14","5,955","5,945","5,985","5,915","1.82M","0.25%"
"2022- 10- 13","5,940","5,970","5,995","5,940","662.47K","-0.83%"
"2022- 10- 12","5,990","5,925","6,010","5,900","2.49M","1.35%"
"2022- 10- 11","5,910","5,960","5,970","5,880","2.53M","-3.11%"
"2022- 10- 10","6,100","6,100","6,100","6,100","","0.00%"
"2022- 10- 07","6,100","6,115","6,190","6,090","1.10M","-1.21%"
"2022- 10- 06","6,175","6,070","6,225","6,070","1.88M","1.06%"
"2022- 10- 05","6,110","6,065","6,110","6,010","1.43M","1.92%"
"2022- 10- 04","5,995","5,930","5,995","5,910","1.51M","0.93%"
"2022- 09- 30","5,940","5,940","5,970","5,915","1.37M","1.02%"
"2022- 09- 29","5,880","5,980","5,985","5,870","1.68M","0.34%"
"2022- 09- 28","5,860","6,005","6,005","5,860","2.12M","-2.82%"
"2022- 09- 27","6,030","5,955","6,030","5,950","1.37M","1.43%"
"2022- 09- 26","5,945","6,065","6,065","5,925","2.75M","-3.25%"
"2022- 09- 25","6,145","6,145","6,145","6,145","","0.00%"
"2022- 09- 23","6,145","6,170","6,190","6,130","2.05M","0.24%"
"2022- 09- 22","6,130","6,235","6,235","6,130","4.05M","-2.39%"
"2022- 09- 21","6,280","6,330","6,350","6,270","1.02M","-0.87%"
"2022- 09- 20","6,335","6,325","6,350","6,325","562.76K","0.56%"
"2022- 09- 19","6,300","6,355","6,375","6,300","784.14K","-0.55%"
"2022- 09- 18","6,335","6,335","6,335","6,335","","0.00%"
"2022- 09- 16","6,335","6,250","6,350","6,245","786.54K","0.64%"
"2022- 09- 15","6,295","6,320","6,325","6,265","1.59M","-0.55%"
"2022- 09- 14","6,330","6,310","6,340","6,285","2.24M","-2.47%"
"2022- 09- 13","6,490","6,470","6,500","6,450","1.60M","1.01%"
"2022- 09- 08","6,425","6,455","6,455","6,385","1.19M","0.71%"
"2022- 09- 07","6,380","6,460","6,460","6,355","2.51M","-2.07%"
"2022- 09- 06","6,515","6,550","6,585","6,480","2.10M","-0.31%"
"2022- 09- 05","6,535","6,595","6,605","6,515","2.55M","-1.73%"
"2022- 09- 04","6,650","6,650","6,650","6,650","","0.00%"
"2022- 09- 02","6,650","6,670","6,690","6,625","1.59M","-0.45%"
"2022- 09- 01","6,680","6,775","6,775","6,675","1.32M","-2.27%"
"2022- 08- 31","6,835","6,725","6,840","6,700","593.45K","1.18%"
"2022- 08- 30","6,755","6,745","6,770","6,720","358.63K","0.52%"
"2022- 08- 29","6,720","6,795","6,800","6,720","1.03M","-2.68%"
"2022- 08- 28","6,905","6,905","6,905","6,905","","0.00%"
"2022- 08- 26","6,905","6,880","6,925","6,870","442.32K","0.44%"
"2022- 08- 25","6,875","6,820","6,885","6,805","690.05K","1.10%"
"2022- 08- 24","6,800","6,820","6,840","6,785","558.55K","0.44%"
"2022- 08- 23","6,770","6,780","6,850","6,770","817.88K","-0.88%"
"2022- 08- 22","6,830","6,910","6,910","6,825","1.32M","-2.22%"
"2022- 08- 19","6,985","7,020","7,020","6,945","1.17M","-0.78%"
"2022- 08- 18","7,040","7,100","7,110","7,030","977.08K","-1.33%"
"2022- 08- 17","7,135","7,150","7,160","7,130","392.36K","-0.35%"
"2022- 08- 16","7,160","7,125","7,165","7,125","532.79K","-1.04%"
"2022- 08- 15","7,235","7,235","7,235","7,235","","0.00%"
"2022- 08- 12","7,235","7,165","7,260","7,165","176.30K","0.21%"
"2022- 08- 11","7,220","7,230","7,260","7,200","332.54K","1.12%"
"2022- 08- 10","7,140","7,190","7,190","7,140","308.55K","-0.97%"
"2022- 08- 09","7,210","7,230","7,245","7,180","202.03K","0.28%"
"2022- 08- 08","7,190","7,225","7,230","7,185","218.12K","-1.17%"
"2022- 08- 05","7,275","7,215","7,295","7,210","438.83K","1.75%"
"2022- 08- 04","7,150","7,165","7,180","7,130","202.47K","0.14%"
"2022- 08- 03","7,140","7,115","7,185","7,115","296.76K","-0.76%"
"2022- 08- 02","7,195","7,175","7,200","7,145","166.47K","-0.35%"
"2022- 08- 01","7,220","7,195","7,225","7,160","297.72K","-0.55%"
"2022- 07- 29","7,260","7,290","7,300","7,230","376.13K","-0.07%"
"2022- 07- 28","7,265","7,170","7,265","7,160","512.53K","2.04%"
"2022- 07- 27","7,120","7,135","7,165","7,100","118.91K","-0.70%"
"2022- 07- 26","7,170","7,120","7,180","7,120","194.29K","0.70%"
"2022- 07- 25","7,120","7,130","7,175","7,120","420.71K","0.00%"
"2022- 07- 22","7,120","7,180","7,180","7,110","139.41K","-0.70%"
"2022- 07- 21","7,170","7,125","7,180","7,080","192.90K","0.56%"
"2022- 07- 20","7,130","7,190","7,225","7,120","306.80K","0.21%"
"2022- 07- 19","7,115","7,050","7,150","7,050","169.19K","0.49%"
"2022- 07- 18","7,080","7,045","7,110","7,025","603.93K","1.29%"
"2022- 07- 15","6,990","7,080","7,080","6,985","1.10M","-2.10%"
"2022- 07- 14","7,140","7,205","7,205","7,135","383.01K","-0.70%"
"2022- 07- 13","7,190","7,150","7,235","7,150","380.01K","0.84%"
"2022- 07- 12","7,130","7,160","7,185","7,095","1.54M","-1.45%"
"2022- 07- 11","7,235","7,300","7,310","7,235","289.63K","-0.41%"
"2022- 07- 08","7,265","7,295","7,330","7,240","832.77K","-0.07%"
"2022- 07- 07","7,270","7,210","7,315","7,185","831.21K","1.04%"
"2022- 07- 06","7,195","7,190","7,220","7,160","532.57K","-1.10%"
"2022- 07- 05","7,275","7,330","7,340","7,270","467.07K","-0.55%"
"2022- 07- 04","7,315","7,305","7,320","7,275","273.31K","0.14%"
"2022- 07- 01","7,305","7,375","7,395","7,290","250.81K","0.21%"
"2022- 06- 30","7,290","7,270","7,310","7,240","279.88K","-0.14%"
"2022- 06- 29","7,300","7,375","7,400","7,300","257.84K","-2.21%"
"2022- 06- 28","7,465","7,440","7,480","7,425","151.25K","0.34%"
"2022- 06- 27","7,440","7,370","7,500","7,345","473.05K","1.78%"
"2022- 06- 24","7,310","7,285","7,330","7,265","439.30K","0.55%"
"2022- 06- 23","7,270","7,310","7,315","7,255","293.00K","-0.62%"
"2022- 06- 22","7,315","7,365","7,380","7,310","209.63K","-0.68%"
"2022- 06- 21","7,365","7,395","7,420","7,360","224.77K","-0.27%"
"2022- 06- 20","7,385","7,410","7,425","7,340","448.83K","-0.67%"
"2022- 06- 17","7,435","7,410","7,490","7,390","946.43K","-0.13%"
"2022- 06- 16","7,445","7,495","7,540","7,415","376.38K","0.61%"
"2022- 06- 15","7,400","7,425","7,430","7,365","262.34K","-0.67%"
"2022- 06- 14","7,450","7,400","7,450","7,385","2.05M","-0.53%"
"2022- 06- 13","7,490","7,520","7,520","7,425","1.26M","-2.28%"
"2022- 06- 10","7,665","7,740","7,740","7,665","492.60K","-1.79%"
"2022- 06- 09","7,805","7,815","7,850","7,760","328.15K","-0.38%"
"2022- 06- 08","7,835","7,820","7,845","7,800","72.03K","0.38%"
"2022- 06- 07","7,805","7,865","7,865","7,765","314.80K","-2.38%"
"2022- 06- 03","7,995","7,965","8,035","7,965","215.12K","1.52%"
"2022- 06- 02","7,875","7,900","7,940","7,840","262.28K","-2.17%"
"2022- 05- 31","8,050","8,045","8,085","7,990","439.41K","0.25%"
"2022- 05- 30","8,030","7,890","8,040","7,855","464.30K","2.55%"
"2022- 05- 27","7,830","7,745","7,860","7,745","456.67K","1.95%"
"2022- 05- 26","7,680","7,725","7,730","7,660","254.02K","-0.58%"
"2022- 05- 25","7,725","7,750","7,775","7,720","271.25K","0.19%"
"2022- 05- 24","7,710","7,750","7,760","7,710","266.24K","-0.19%"
"2022- 05- 23","7,725","7,645","7,730","7,640","371.68K","0.65%"
"2022- 05- 20","7,675","7,685","7,695","7,625","176.18K","1.32%"
"2022- 05- 19","7,575","7,595","7,630","7,575","153.10K","-1.56%"
"2022- 05- 18","7,695","7,670","7,700","7,625","368.12K","1.18%"
"2022- 05- 17","7,605","7,530","7,610","7,530","391.39K","1.47%"
"2022- 05- 16","7,495","7,565","7,595","7,480","233.06K","-0.07%"
"2022- 05- 13","7,500","7,445","7,525","7,430","376.39K","0.54%"
"2022- 05- 12","7,460","7,540","7,540","7,420","578.69K","-2.04%"
"2022- 05- 11","7,615","7,580","7,615","7,550","353.83K","0.13%"
"2022- 05- 10","7,605","7,610","7,635","7,565","283.41K","-0.33%"
"2022- 05- 09","7,630","7,625","7,635","7,590","380.86K","-0.20%"
"2022- 05- 06","7,645","7,690","7,700","7,595","457.30K","-1.04%"
"2022- 05- 04","7,725","7,765","7,810","7,725","361.16K","0.06%"
"2022- 05- 03","7,720","7,695","7,755","7,690","205.40K","-0.06%"
"2022- 05- 02","7,725","7,745","7,760","7,695","323.01K","-1.47%"
"2022- 04- 29","7,840","7,655","7,840","7,655","557.38K","2.48%"
"2022- 04- 28","7,650","7,750","7,770","7,630","604.32K","-1.16%"
"2022- 04- 27","7,740","7,790","7,790","7,735","542.44K","-2.27%"
"2022- 04- 26","7,920","7,940","7,980","7,920","216.07K","0.00%"
"2022- 04- 25","7,920","8,005","8,015","7,920","419.22K","-1.80%"
"2022- 04- 22","8,065","8,015","8,070","8,010","284.57K","-0.12%"
"2022- 04- 21","8,075","8,120","8,125","8,075","73.80K","-0.43%"
"2022- 04- 20","8,110","8,065","8,150","8,045","341.82K","0.06%"
"2022- 04- 19","8,105","8,125","8,150","8,095","110.03K","-0.31%"
"2022- 04- 18","8,130","8,190","8,190","8,130","85.92K","-0.79%"
"2022- 04- 15","8,195","8,180","8,210","8,160","128.95K","-0.67%"
"2022- 04- 14","8,250","8,250","8,275","8,240","68.07K","0.43%"
"2022- 04- 13","8,215","8,180","8,245","8,165","136.28K","1.29%"
"2022- 04- 12","8,110","8,115","8,120","8,075","178.14K","-0.43%"
"2022- 04- 11","8,145","8,195","8,195","8,135","165.27K","-1.39%"
"2022- 04- 08","8,260","8,370","8,370","8,240","134.04K","-0.84%"
"2022- 04- 07","8,330","8,325","8,365","8,320","31.00K","-0.06%"
"2022- 04- 06","8,335","8,340","8,350","8,290","126.64K","-1.01%"
"2022- 04- 05","8,420","8,410","8,445","8,385","49.38K","0.24%"
"2022- 04- 04","8,400","8,325","8,400","8,320","40.46K","0.18%"
"2022- 04- 01","8,385","8,390","8,390","8,340","155.76K","-0.53%"
"2022- 03- 31","8,430","8,435","8,470","8,415","93.00K","-0.24%"
"2022- 03- 30","8,450","8,435","8,480","8,405","299.47K","1.56%"
"2022- 03- 29","8,320","8,280","8,325","8,280","155.05K","1.16%"
"2022- 03- 28","8,225","8,275","8,280","8,225","271.32K","-1.26%"
"2022- 03- 25","8,330","8,325","8,365","8,315","71.76K","-0.18%"
"2022- 03- 24","8,345","8,340","8,355","8,305","69.42K","-0.71%"
"2022- 03- 23","8,405","8,390","8,440","8,390","187.47K","0.66%"
"2022- 03- 22","8,350","8,300","8,350","8,270","262.31K","-0.24%"
"2022- 03- 21","8,370","8,435","8,450","8,370","96.13K","-1.36%"
"2022- 03- 18","8,485","8,405","8,490","8,360","241.49K","1.01%"
"2022- 03- 17","8,400","8,245","8,415","8,230","357.01K","3.38%"
"2022- 03- 16","8,125","8,050","8,125","8,015","239.18K","1.18%"
"2022- 03- 15","8,030","8,045","8,070","8,010","214.56K","-0.25%"
"2022- 03- 14","8,050","8,090","8,135","8,050","245.85K","-1.47%"
"2022- 03- 11","8,170","8,205","8,205","8,130","114.47K","-0.55%"
"2022- 03- 10","8,215","8,245","8,265","8,175","170.28K","1.48%"
"2022- 03- 08","8,095","8,180","8,185","8,080","224.93K","-1.70%"
"2022- 03- 07","8,235","8,300","8,330","8,225","277.30K","-2.20%"
"2022- 03- 04","8,420","8,495","8,500","8,415","225.59K","-1.52%"
"2022- 03- 03","8,550","8,560","8,575","8,550","52.27K","0.23%"
"2022- 03- 02","8,530","8,530","8,560","8,530","52.51K","-0.47%"
"2022- 02- 28","8,570","8,570","8,570","8,495","162.65K","-0.17%"
"2022- 02- 25","8,585","8,540","8,605","8,535","99.46K","0.06%"
"2022- 02- 24","8,580","8,695","8,695","8,560","121.01K","-1.38%"
"2022- 02- 23","8,700","8,725","8,750","8,700","82.74K","-0.06%"
"2022- 02- 22","8,705","8,690","8,710","8,665","41.91K","-0.17%"
"2022- 02- 21","8,720","8,640","8,735","8,625","73.31K","0.63%"
"2022- 02- 18","8,665","8,635","8,680","8,630","39.57K","0.12%"
"2022- 02- 17","8,655","8,660","8,690","8,605","52.82K","0.00%"
"2022- 02- 16","8,655","8,655","8,675","8,645","43.16K","0.46%"
"2022- 02- 15","8,615","8,650","8,660","8,605","10.98K","-0.81%"
"2022- 02- 14","8,685","8,620","8,685","8,610","20.10K","0.58%"
"2022- 02- 11","8,635","8,600","8,635","8,590","14.26K","-0.29%"
"2022- 02- 10","8,660","8,680","8,690","8,655","10.00K","0.00%"
"2022- 02- 09","8,660","8,655","8,680","8,655","23.21K","0.17%"
"2022- 02- 08","8,645","8,635","8,655","8,625","37.57K","0.41%"
"2022- 02- 07","8,610","8,630","8,635","8,600","33.04K","-0.35%"
"2022- 02- 04","8,640","8,570","8,640","8,570","73.25K","1.35%"
"2022- 02- 03","8,525","8,570","8,570","8,520","65.60K","0.18%"
"2022- 01- 28","8,510","8,535","8,555","8,505","98.19K","-0.76%"
"2022- 01- 27","8,575","8,610","8,610","8,555","104.73K","-0.69%"
"2022- 01- 26","8,635","8,645","8,660","8,630","10.82K","0.06%"
"2022- 01- 25","8,630","8,670","8,670","8,600","56.09K","-0.40%"
"2022- 01- 24","8,665","8,710","8,710","8,665","17.47K","-0.35%"
"2022- 01- 21","8,695","8,700","8,710","8,680","17.16K","-0.34%"
"2022- 01- 20","8,725","8,750","8,765","8,715","11.69K","0.11%"
"2022- 01- 19","8,715","8,700","8,730","8,700","18.57K","-0.17%"
"2022- 01- 18","8,730","8,735","8,795","8,715","33.78K","0.34%"
"2022- 01- 17","8,700","8,750","8,750","8,695","45.39K","-1.08%"
"2022- 01- 14","8,795","8,755","8,795","8,750","59.71K","0.23%"
"2022- 01- 13","8,775","8,775","8,785","8,745","62.11K","0.40%"
"2022- 01- 12","8,740","8,725","8,760","8,725","85.99K","0.63%"
"2022- 01- 11","8,685","8,625","8,695","8,625","145.50K","0.81%"
"2022- 01- 10","8,615","8,615","8,620","8,585","52.31K","0.35%"
"2022- 01- 07","8,585","8,550","8,590","8,545","184.70K","-0.06%"
"2022- 01- 06","8,590","8,595","8,640","8,585","114.55K","-0.64%"
"2022- 01- 05","8,645","8,645","8,650","8,605","402.63K","-0.58%"
"2022- 01- 04","8,695","8,675","8,705","8,655","114.32K","-0.23%"
"2022- 01- 03","8,715","8,750","8,775","8,700","47.18K","-0.40%"
"2021- 12- 30","8,750","8,800","8,835","8,750","23.46K","-0.46%"
"2021- 12- 29","8,790","8,795","8,795","8,770","6.02K","0.23%"
"2021- 12- 28","8,770","8,800","8,800","8,770","7.37K","-0.28%"
"2021- 12- 27","8,795","8,800","8,810","8,795","5.62K","-0.06%"
"2021- 12- 24","8,800","8,805","8,815","8,780","15.01K","0.11%"
"2021- 12- 23","8,790","8,760","8,800","8,740","25.16K","0.74%"
"2021- 12- 22","8,725","8,740","8,750","8,720","26.21K","0.06%"
"2021- 12- 21","8,720","8,745","8,765","8,715","34.66K","-0.17%"
"2021- 12- 20","8,735","8,795","8,800","8,725","91.43K","-1.80%"
"2021- 12- 17","8,895","8,835","8,895","8,805","24.23K","0.40%"
"2021- 12- 16","8,860","8,835","8,870","8,835","20.66K","0.45%"
"2021- 12- 15","8,820","8,845","8,845","8,800","24.07K","-0.51%"
"2021- 12- 14","8,865","8,840","8,880","8,835","18.61K","-0.45%"
"2021- 12- 13","8,905","8,915","8,950","8,890","11.04K","0.06%"
"2021- 12- 10","8,900","8,935","8,965","8,900","17.67K","-1.11%"
"2021- 12- 09","9,000","8,990","9,005","8,980","14.63K","0.39%"
"2021- 12- 08","8,965","8,935","8,970","8,930","22.86K","0.62%"
"2021- 12- 07","8,910","8,890","8,910","8,850","21.80K","0.39%"
"2021- 12- 06","8,875","8,850","8,885","8,820","15.80K","-0.45%"
"2021- 12- 03","8,915","8,945","8,960","8,905","10.78K","-0.56%"
"2021- 12- 02","8,965","8,910","8,970","8,910","26.19K","0.39%"
"2021- 12- 01","8,930","8,845","8,945","8,825","334.75K","1.71%"
"2021- 11- 30","8,780","8,745","8,810","8,745","134.04K","0.63%"
"2021- 11- 29","8,725","8,675","8,730","8,675","91.18K","0.00%"
"2021- 11- 26","8,725","8,755","8,755","8,705","262.09K","-0.40%"
"2021- 11- 25","8,760","8,775","8,780","8,750","27.67K","-0.51%"
"2021- 11- 24","8,805","8,770","8,805","8,760","32.06K","0.46%"
"2021- 11- 23","8,765","8,765","8,800","8,755","31.38K","-0.74%"
"2021- 11- 22","8,830","8,760","8,830","8,755","46.53K","-0.11%"
"2021- 11- 19","8,840","8,880","8,885","8,825","43.02K","-0.67%"
"2021- 11- 18","8,900","8,885","8,925","8,855","28.78K","0.45%"
"2021- 11- 17","8,860","8,865","8,870","8,805","29.64K","-0.51%"
"2021- 11- 16","8,905","8,865","8,970","8,860","18.54K","-0.22%"
"2021- 11- 15","8,925","8,930","8,935","8,865","19.80K","0.28%"
"2021- 11- 12","8,900","8,890","8,950","8,865","29.71K","0.17%"
"2021- 11- 11","8,885","8,830","8,885","8,805","30.98K","-0.11%"
"2021- 11- 10","8,895","8,905","8,925","8,855","36.09K","-0.56%"
"2021- 11- 09","8,945","8,875","8,945","8,860","56.19K","1.07%"
"2021- 11- 08","8,850","8,865","8,865","8,810","18.34K","0.23%"
"2021- 11- 05","8,830","8,825","8,845","8,805","37.20K","-0.51%"
"2021- 11- 04","8,875","8,920","8,940","8,870","18.68K","0.00%"
"2021- 11- 03","8,875","8,945","8,945","8,870","22.83K","-1.06%"
"2021- 11- 02","8,970","8,940","8,980","8,940","3.27K","0.22%"
"2021- 11- 01","8,950","9,010","9,010","8,920","26.55K","-1.32%"
"2021- 10- 29","9,070","9,070","9,075","9,040","13.31K","0.22%"
"2021- 10- 28","9,050","9,015","9,050","8,995","17.38K","0.11%"
"2021- 10- 27","9,040","9,070","9,120","9,040","17.52K","-0.55%"
"2021- 10- 26","9,090","9,080","9,140","9,050","70.78K","0.17%"
"2021- 10- 25","9,075","8,940","9,090","8,925","84.38K","1.51%"
"2021- 10- 22","8,940","8,925","8,945","8,900","9.36K","-0.22%"
"2021- 10- 21","8,960","8,960","9,000","8,925","25.03K","-0.33%"
"2021- 10- 20","8,990","8,955","9,015","8,920","280.01K","0.84%"
"2021- 10- 19","8,915","8,805","8,915","8,805","52.01K","1.36%"
"2021- 10- 18","8,795","8,855","8,855","8,790","39.92K","-0.85%"
"2021- 10- 15","8,870","8,855","8,885","8,835","46.86K","0.62%"
"2021- 10- 14","8,815","8,795","8,820","8,745","80.72K","1.38%"
"2021- 10- 13","8,695","8,620","8,710","8,620","59.30K","0.81%"
"2021- 10- 12","8,625","8,660","8,660","8,610","104.90K","-0.98%"
"2021- 10- 08","8,710","8,770","8,770","8,700","33.84K","-0.46%"
"2021- 10- 07","8,750","8,750","8,775","8,730","53.45K","0.34%"
"2021- 10- 06","8,720","8,790","8,805","8,715","299.00K","-0.68%"
"2021- 10- 05","8,780","8,815","8,845","8,775","49.82K","-0.06%"
"2021- 10- 01","8,785","8,840","8,840","8,780","63.86K","-0.68%"
"2021- 09- 30","8,845","8,795","8,850","8,775","26.88K","-0.23%"
"2021- 09- 29","8,865","8,800","8,865","8,785","37.43K","0.28%"
"2021- 09- 28","8,840","8,915","8,915","8,840","75.14K","-1.39%"
"2021- 09- 27","8,965","8,930","8,990","8,925","7.41K","0.06%"
"2021- 09- 24","8,960","8,985","9,015","8,935","51.10K","0.11%"
"2021- 09- 23","8,950","8,860","8,950","8,815","159.54K","-0.39%"
"2021- 09- 17","8,985","8,990","8,990","8,910","87.72K","-0.66%"
"2021- 09- 16","9,045","9,100","9,120","9,035","40.52K","-0.11%"
"2021- 09- 15","9,055","9,025","9,070","9,005","13.57K","0.11%"
"2021- 09- 14","9,045","8,995","9,050","8,990","11.26K","0.72%"
"2021- 09- 13","8,980","9,060","9,060","8,955","42.35K","-1.05%"
"2021- 09- 10","9,075","9,060","9,100","9,000","25.41K","0.11%"
"2021- 09- 09","9,065","9,105","9,105","9,045","20.68K","-0.55%"
"2021- 09- 08","9,115","9,180","9,180","9,115","17.03K","-1.41%"
"2021- 09- 07","9,245","9,265","9,270","9,230","9.55K","-0.32%"
"2021- 09- 06","9,275","9,290","9,290","9,225","12.60K","0.00%"
"2021- 09- 03","9,275","9,240","9,300","9,240","20.36K","0.76%"
"2021- 09- 02","9,205","9,285","9,285","9,190","16.45K","-0.70%"
"2021- 09- 01","9,270","9,220","9,285","9,210","25.63K","0.43%"
"2021- 08- 31","9,230","9,120","9,245","9,115","41.59K","1.21%"
"2021- 08- 30","9,120","9,165","9,170","9,120","36.45K","0.39%"
"2021- 08- 27","9,085","9,045","9,085","9,005","15.07K","0.22%"
"2021- 08- 26","9,065","9,130","9,160","9,045","19.03K","-0.44%"
"2021- 08- 25","9,105","9,135","9,160","9,080","40.42K","-0.16%"
"2021- 08- 24","9,120","9,075","9,120","9,050","66.25K","1.33%"
"2021- 08- 23","9,000","8,975","9,030","8,960","40.69K","1.01%"
"2021- 08- 20","8,910","8,965","9,040","8,900","47.54K","-0.72%"
"2021- 08- 19","8,975","9,015","9,040","8,955","33.81K","-1.27%"
"2021- 08- 18","9,090","8,945","9,095","8,920","41.88K","1.34%"
"2021- 08- 17","8,970","9,120","9,120","8,935","68.96K","-1.27%"
"2021- 08- 13","9,085","9,170","9,170","9,075","49.66K","-1.30%"
"2021- 08- 12","9,205","9,300","9,300","9,190","30.48K","-0.70%"
"2021- 08- 11","9,270","9,325","9,325","9,265","31.58K","-1.28%"
"2021- 08- 10","9,390","9,425","9,430","9,360","6.86K","-0.84%"
"2021- 08- 09","9,470","9,430","9,480","9,420","6.28K","-0.26%"
"2021- 08- 06","9,495","9,465","9,520","9,465","22.26K","0.32%"
"2021- 08- 05","9,465","9,455","9,510","9,440","11.34K","-0.05%"
"2021- 08- 04","9,470","9,385","9,480","9,385","12.36K","0.80%"
"2021- 08- 03","9,395","9,370","9,395","9,320","13.08K","0.32%"
"2021- 08- 02","9,365","9,350","9,370","9,315","8.69K","-0.11%"
"2021- 07- 30","9,375","9,455","9,465","9,370","10.03K","-0.48%"
"2021- 07- 29","9,420","9,350","9,460","9,345","22.26K","1.29%"
"2021- 07- 28","9,300","9,305","9,315","9,250","15.83K","-0.69%"
"2021- 07- 27","9,365","9,330","9,380","9,330","41.97K","0.75%"
"2021- 07- 26","9,295","9,390","9,390","9,295","22.79K","-0.75%"
"2021- 07- 23","9,365","9,355","9,400","9,350","11.63K","-0.21%"
"2021- 07- 22","9,385","9,350","9,385","9,335","9.00K","0.70%"
"2021- 07- 21","9,320","9,385","9,410","9,320","29.47K","-0.64%"
"2021- 07- 20","9,380","9,355","9,400","9,345","17.50K","-0.42%"
"2021- 07- 19","9,420","9,505","9,505","9,420","18.72K","-1.26%"
"2021- 07- 16","9,540","9,510","9,565","9,485","17.67K","0.05%"
"2021- 07- 15","9,535","9,445","9,535","9,420","20.60K","1.27%"
"2021- 07- 14","9,415","9,380","9,415","9,360","20.10K","-0.53%"
"2021- 07- 13","9,465","9,440","9,500","9,430","20.09K","0.26%"
"2021- 07- 12","9,440","9,455","9,465","9,420","7.12K","0.37%"
"2021- 07- 09","9,405","9,430","9,445","9,390","23.08K","-0.69%"
"2021- 07- 08","9,470","9,545","9,550","9,455","43.56K","-1.20%"
"2021- 07- 07","9,585","9,615","9,615","9,545","28.61K","-1.44%"
"2021- 07- 06","9,725","9,690","9,725","9,665","1.68K","0.36%"
"2021- 07- 05","9,690","9,675","9,740","9,675","11.62K","0.47%"
"2021- 07- 02","9,645","9,650","9,660","9,635","12.34K","-0.31%"
"2021- 07- 01","9,675","9,710","9,720","9,665","33.10K","-1.17%"
"2021- 06- 30","9,790","9,695","9,790","9,685","13.57K","0.41%"
"2021- 06- 29","9,750","9,720","9,750","9,705","7.05K","0.36%"
"2021- 06- 28","9,715","9,750","9,755","9,705","12.34K","-0.51%"
"2021- 06- 25","9,765","9,675","9,775","9,675","32.28K","1.30%"
"2021- 06- 24","9,640","9,620","9,640","9,590","14.55K","0.36%"
"2021- 06- 23","9,605","9,680","9,680","9,590","25.57K","-0.98%"
"2021- 06- 22","9,700","9,690","9,705","9,670","8.92K","0.57%"
"2021- 06- 21","9,645","9,630","9,660","9,585","28.70K","-0.46%"
"2021- 06- 18","9,690","9,680","9,700","9,650","64.57K","-0.36%"
"2021- 06- 17","9,725","9,720","9,765","9,710","56.14K","-2.31%"
"2021- 06- 16","9,955","9,945","9,955","9,925","8.39K","-0.10%"
"2021- 06- 15","9,965","9,940","9,965","9,930","3.02K","-0.10%"
"2021- 06- 14","9,975","9,975","9,995","9,945","2.85K","-0.99%"
"2021- 06- 11","10,075","10,030","10,080","10,030","3.15K","0.80%"
"2021- 06- 10","9,995","9,970","10,010","9,970","4.15K","-0.05%"
"2021- 06- 09","10,000","9,970","10,000","9,950","2.76K","-0.20%"
"2021- 06- 08","10,020","10,060","10,065","9,995","0.88K","-0.20%"
"2021- 06- 07","10,040","10,070","10,090","10,040","9.62K","0.60%"
"2021- 06- 04","9,980","9,970","9,980","9,930","7.32K","-0.45%"
"2021- 06- 03","10,025","10,055","10,090","10,025","0.83K","-0.05%"
"2021- 06- 02","10,030","10,120","10,140","10,020","15.95K","-1.23%"
"2021- 06- 01","10,155","10,105","10,180","10,090","10.27K","0.94%"
"2021- 05- 31","10,060","9,995","10,075","9,975","6.74K","0.80%"
"2021- 05- 28","9,980","9,935","10,010","9,935","14.55K","0.30%"
"2021- 05- 27","9,950","9,970","9,970","9,910","8.48K","-0.05%"
"2021- 05- 26","9,955","9,850","9,980","9,850","13.13K","0.91%"
"2021- 05- 25","9,865","9,835","9,880","9,835","11.53K","0.66%"
"2021- 05- 24","9,800","9,780","9,805","9,755","6.39K","-0.05%"
"2021- 05- 21","9,805","9,760","9,820","9,760","5.61K","0.98%"
"2021- 05- 20","9,710","9,695","9,720","9,685","6.79K","-0.26%"
"2021- 05- 18","9,735","9,660","9,740","9,630","16.48K","0.62%"
"2021- 05- 17","9,675","9,775","9,785","9,650","13.28K","-1.02%"
"2021- 05- 14","9,775","9,760","9,780","9,725","2.86K","0.10%"
"2021- 05- 13","9,765","9,690","9,775","9,690","9.05K","-0.86%"
"2021- 05- 12","9,850","9,925","9,930","9,835","12.54K","-0.91%"
"2021- 05- 11","9,940","9,995","9,995","9,920","7.43K","-0.85%"
"2021- 05- 10","10,025","10,035","10,050","10,000","19.08K","1.37%"
"2021- 05- 07","9,890","9,910","9,920","9,870","4.70K","0.56%"
"2021- 05- 06","9,835","9,845","9,860","9,815","6.86K","-0.56%"
"2021- 05- 04","9,890","9,905","9,925","9,890","10.70K","0.20%"
"2021- 05- 03","9,870","9,990","9,995","9,870","17.51K","-1.89%"
"2021- 04- 30","10,060","10,145","10,165","10,060","3.27K","-0.89%"
"2021- 04- 29","10,150","10,135","10,185","10,135","10.30K","0.84%"
"2021- 04- 28","10,065","10,060","10,085","10,040","2.17K","-0.45%"
"2021- 04- 27","10,110","10,105","10,130","10,055","11.34K","0.50%"
"2021- 04- 26","10,060","10,000","10,085","9,995","2.46K","0.90%"
"2021- 04- 23","9,970","9,930","9,970","9,925","23.33K","-0.20%"
"2021- 04- 22","9,990","9,990","10,035","9,985","3.05K","0.15%"
"2021- 04- 21","9,975","9,995","10,010","9,965","5.29K","-0.99%"
"2021- 04- 20","10,075","10,000","10,095","9,995","9.53K","0.90%"
"2021- 04- 19","9,985","9,950","10,025","9,945","5.18K","-0.20%"
"2021- 04- 16","10,005","9,990","10,035","9,920","3.71K","0.40%"
"2021- 04- 15","9,965","9,995","10,000","9,940","4.56K","-0.30%"
"2021- 04- 14","9,995","9,885","9,995","9,870","12.27K","1.63%"
"2021- 04- 13","9,835","9,840","9,850","9,800","5.11K","-0.05%"
"2021- 04- 12","9,840","9,925","9,925","9,810","5.31K","-0.66%"
"2021- 04- 09","9,905","10,010","10,040","9,905","24.02K","-0.95%"
"2021- 04- 08","10,000","9,960","10,000","9,915","2.13K","-0.10%"
"2021- 04- 07","10,010","9,965","10,015","9,940","12.30K","0.75%"
"2021- 04- 06","9,935","9,840","9,935","9,840","21.04K","1.48%"
"2021- 04- 05","9,790","9,805","9,815","9,775","2.57K","-0.05%"
"2021- 04- 02","9,795","9,780","9,820","9,780","3.60K","0.56%"
"2021- 04- 01","9,740","9,800","9,825","9,710","7.64K","0.15%"
"2021- 03- 31","9,725","9,685","9,725","9,685","1.50K","0.21%"
"2021- 03- 30","9,705","9,710","9,725","9,685","3.87K","-0.21%"
"2021- 03- 29","9,725","9,770","9,770","9,720","3.51K","-0.51%"
"2021- 03- 26","9,775","9,700","9,785","9,700","4.92K","0.62%"
"2021- 03- 25","9,715","9,675","9,725","9,670","5.56K","0.21%"
"2021- 03- 24","9,695","9,705","9,740","9,680","2.97K","-0.87%"
"2021- 03- 23","9,780","9,835","9,840","9,780","4.62K","-0.10%"
"2021- 03- 22","9,790","9,735","9,790","9,720","7.41K","0.31%"
"2021- 03- 19","9,760","9,800","9,800","9,705","8.52K","-1.26%"
"2021- 03- 18","9,885","9,880","9,910","9,850","28.88K","1.28%"
"2021- 03- 17","9,760","9,770","9,770","9,710","8.16K","-0.20%"
"2021- 03- 16","9,780","9,715","9,780","9,680","15.86K","1.35%"
"2021- 03- 15","9,650","9,660","9,725","9,645","16.28K","-0.77%"
"2021- 03- 12","9,725","9,770","9,815","9,715","12.08K","0.57%"
"2021- 03- 11","9,670","9,625","9,685","9,600","14.83K","0.99%"
"2021- 03- 10","9,575","9,670","9,670","9,525","9.29K","-0.31%"
"2021- 03- 09","9,605","9,605","9,650","9,540","44.24K","-1.39%"
"2021- 03- 08","9,740","9,810","9,815","9,730","32.51K","-1.27%"
"2021- 03- 05","9,865","9,765","9,880","9,740","22.05K","-0.05%"
"2021- 03- 04","9,870","9,830","9,885","9,800","20.62K","-0.60%"
"2021- 03- 03","9,930","9,880","9,930","9,875","8.24K","0.56%"
"2021- 03- 02","9,875","10,015","10,020","9,875","29.02K","-0.35%"
"2021- 02- 26","9,910","9,970","9,975","9,895","53.35K","-2.70%"
"2021- 02- 25","10,185","10,200","10,205","10,125","9.71K","0.89%"
"2021- 02- 24","10,095","10,145","10,175","10,090","5.82K","-0.49%"
"2021- 02- 23","10,145","10,110","10,165","10,085","7.61K","-0.05%"
"2021- 02- 22","10,150","10,245","10,265","10,150","10.95K","-0.83%"
"2021- 02- 19","10,235","10,195","10,235","10,160","5.79K","0.49%"
"2021- 02- 18","10,185","10,200","10,270","10,185","11.40K","0.00%"
"2021- 02- 17","10,185","10,195","10,235","10,150","14.96K","-1.55%"
"2021- 02- 16","10,345","10,310","10,390","10,270","25.25K","0.39%"
"2021- 02- 15","10,305","10,240","10,450","10,240","20.96K","0.93%"
"2021- 02- 10","10,210","10,130","10,210","10,095","14.92K","1.59%"
"2021- 02- 09","10,050","10,035","10,080","10,020","6.96K","0.70%"
"2021- 02- 08","9,980","9,995","10,030","9,965","10.26K","0.76%"
"2021- 02- 05","9,905","9,985","9,985","9,850","14.65K","-1.10%"
"2021- 02- 04","10,015","10,080","10,105","9,990","6.02K","-0.64%"
"2021- 02- 03","10,080","10,080","10,130","10,055","6.22K","0.40%"
"2021- 02- 02","10,040","10,045","10,080","9,995","17.95K","-0.10%"
"2021- 02- 01","10,050","9,970","10,055","9,970","23.00K","0.35%"
"2021- 01- 29","10,015","10,075","10,095","9,960","18.79K","0.15%"
"2021- 01- 28","10,000","10,175","10,175","10,000","51.06K","-2.72%"
"2021- 01- 27","10,280","10,315","10,340","10,245","8.85K","0.34%"
"2021- 01- 26","10,245","10,325","10,335","10,245","6.63K","-0.92%"
"2021- 01- 25","10,340","10,275","10,345","10,260","16.89K","0.39%"
"2021- 01- 22","10,300","10,370","10,370","10,280","9.73K","-0.96%"
"2021- 01- 21","10,400","10,385","10,400","10,345","16.63K","0.43%"
"2021- 01- 20","10,355","10,355","10,395","10,335","74.09K","0.58%"
"2021- 01- 19","10,295","10,315","10,360","10,285","20.09K","0.05%"
"2021- 01- 18","10,290","10,280","10,320","10,235","37.98K","-0.82%"
"2021- 01- 15","10,375","10,430","10,450","10,370","9.71K","-0.24%"
"2021- 01- 14","10,400","10,420","10,420","10,315","23.87K","-0.62%"
"2021- 01- 13","10,465","10,485","10,500","10,450","11.59K","0.92%"
"2021- 01- 12","10,370","10,395","10,425","10,320","37.84K","-0.48%"
"2021- 01- 11","10,420","10,500","10,500","10,360","36.73K","-1.33%"
"2021- 01- 08","10,560","10,510","10,560","10,405","70.09K","-0.61%"
"2021- 01- 07","10,625","10,635","10,645","10,575","39.69K","-0.19%"
"2021- 01- 06","10,645","10,660","10,665","10,590","40.96K","0.28%"
"2021- 01- 05","10,615","10,650","10,725","10,615","30.87K","-1.03%"
"2021- 01- 04","10,725","10,645","10,760","10,625","24.04K","0.80%"
"2020- 12- 30","10,640","10,550","10,675","10,530","32.59K","0.85%"
"2020- 12- 29","10,550","10,475","10,555","10,450","26.68K","0.72%"
"2020- 12- 28","10,475","10,355","10,520","10,355","34.88K","1.01%"
"2020- 12- 24","10,370","10,305","10,395","10,290","15.13K","1.12%"
"2020- 12- 23","10,255","10,230","10,265","10,210","66.68K","-0.05%"
"2020- 12- 22","10,260","10,295","10,330","10,230","105.48K","-0.87%"
"2020- 12- 21","10,350","10,410","10,440","10,330","40.87K","-0.67%"
"2020- 12- 18","10,420","10,550","10,550","10,405","35.38K","-1.19%"
"2020- 12- 17","10,545","10,535","10,580","10,500","38.10K","0.29%"
"2020- 12- 16","10,515","10,605","10,625","10,505","19.05K","-0.19%"
"2020- 12- 15","10,535","10,560","10,565","10,490","35.28K","-0.24%"
"2020- 12- 14","10,560","10,575","10,610","10,545","41.00K","-0.38%"
"2020- 12- 11","10,600","10,655","10,675","10,530","42.98K","-0.52%"
"2020- 12- 10","10,655","10,655","10,705","10,645","35.51K","-0.56%"
"2020- 12- 09","10,715","10,705","10,760","10,680","45.70K","0.28%"
"2020- 12- 08","10,685","10,725","10,735","10,685","58.86K","-0.65%"
"2020- 12- 07","10,755","10,745","10,785","10,705","73.49K","-0.19%"
"2020- 12- 04","10,775","10,560","10,945","10,555","111.85K","2.47%"
"2020- 12- 03","10,515","10,400","10,515","10,390","51.33K","1.15%"
"2020- 12- 02","10,395","10,305","10,400","10,300","26.78K","0.97%"
"2020- 12- 01","10,295","10,285","10,295","10,245","19.20K","0.00%"
"2020- 11- 30","10,295","10,345","10,345","10,285","18.11K","-0.44%"
"2020- 11- 27","10,340","10,310","10,345","10,300","9.51K","0.15%"
"2020- 11- 26","10,325","10,305","10,325","10,275","20.14K","0.63%"
"2020- 11- 25","10,260","10,260","10,315","10,240","31.88K","0.54%"
"2020- 11- 24","10,205","10,170","10,240","10,160","20.47K","-0.20%"
"2020- 11- 23","10,225","10,135","10,225","10,130","12.04K","0.84%"
"2020- 11- 20","10,140","10,135","10,175","10,115","17.15K","0.10%"
"2020- 11- 19","10,130","10,310","10,310","10,120","118.18K","-1.98%"
"2020- 11- 18","10,335","10,310","10,335","10,280","12.09K","0.39%"
"2020- 11- 17","10,295","10,275","10,305","10,275","16.92K","0.24%"
"2020- 11- 16","10,270","10,265","10,310","10,235","40.99K","1.43%"
"2020- 11- 13","10,125","10,120","10,185","10,110","27.29K","-0.30%"
"2020- 11- 12","10,155","10,205","10,225","10,140","50.28K","-0.88%"
"2020- 11- 11","10,245","10,140","10,250","10,130","37.29K","1.04%"
"2020- 11- 10","10,140","10,070","10,165","10,060","27.33K","-0.29%"
"2020- 11- 09","10,170","10,080","10,185","10,050","55.65K","1.40%"
"2020- 11- 06","10,030","9,975","10,030","9,925","44.65K","1.31%"
"2020- 11- 05","9,900","9,860","9,925","9,820","33.62K","1.64%"
"2020- 11- 04","9,740","9,890","9,925","9,575","55.60K","-0.61%"
"2020- 11- 03","9,800","9,840","9,840","9,760","23.90K","-0.20%"
"2020- 11- 02","9,820","9,760","9,825","9,760","24.29K","0.15%"
"2020- 10- 30","9,805","9,855","9,935","9,805","24.14K","-0.51%"
"2020- 10- 29","9,855","9,810","9,855","9,785","41.57K","-0.35%"
"2020- 10- 28","9,890","9,915","9,950","9,875","26.56K","-0.85%"
"2020- 10- 27","9,975","9,850","9,975","9,850","21.54K","0.61%"
"2020- 10- 26","9,915","9,875","9,925","9,875","27.26K","0.97%"
"2020- 10- 23","9,820","9,805","9,840","9,775","17.62K","-0.05%"
"2020- 10- 22","9,825","9,825","9,840","9,770","30.24K","-0.30%"
"2020- 10- 21","9,855","9,745","9,855","9,740","63.08K","1.28%"
"2020- 10- 20","9,730","9,705","9,740","9,690","32.32K","0.46%"
"2020- 10- 19","9,685","9,660","9,700","9,645","14.68K","0.89%"
"2020- 10- 16","9,600","9,645","9,645","9,600","25.10K","-0.67%"
"2020- 10- 15","9,665","9,590","9,685","9,590","34.94K","0.73%"
"2020- 10- 14","9,595","9,570","9,660","9,570","52.12K","0.05%"
"2020- 10- 13","9,590","9,585","9,595","9,525","20.65K","0.00%"
"2020- 10- 12","9,590","9,580","9,595","9,530","65.70K","1.16%"
"2020- 10- 08","9,480","9,420","9,485","9,400","66.26K","0.85%"
"2020- 10- 07","9,400","9,305","9,405","9,290","8.68K","0.37%"
"2020- 10- 06","9,365","9,415","9,435","9,345","16.98K","0.43%"
"2020- 10- 05","9,325","9,280","9,365","9,280","29.16K","0.97%"
"2020- 09- 29","9,235","9,250","9,255","9,220","6.01K","0.71%"
"2020- 09- 28","9,170","9,175","9,195","9,155","6.22K","-0.16%"
"2020- 09- 25","9,185","9,240","9,250","9,175","5.20K","0.05%"
"2020- 09- 24","9,180","9,230","9,280","9,180","38.02K","-1.50%"
"2020- 09- 23","9,320","9,355","9,360","9,295","12.77K","0.16%"
"2020- 09- 22","9,305","9,330","9,350","9,300","31.02K","-1.12%"
"2020- 09- 21","9,410","9,330","9,430","9,320","24.29K","0.32%"
"2020- 09- 18","9,380","9,230","9,390","9,230","119.05K","2.40%"
"2020- 09- 17","9,160","9,160","9,185","9,115","28.64K","0.22%"
"2020- 09- 16","9,140","9,075","9,145","9,060","18.18K","0.49%"
"2020- 09- 15","9,095","9,040","9,095","9,040","33.55K","0.72%"
"2020- 09- 14","9,030","8,985","9,040","8,985","31.24K","0.50%"
"2020- 09- 11","8,985","8,970","8,985","8,940","28.55K","-0.28%"
"2020- 09- 10","9,010","9,000","9,015","8,985","28.17K","0.56%"
"2020- 09- 09","8,960","8,935","8,965","8,910","2.76K","-0.22%"
"2020- 09- 08","8,980","8,975","8,985","8,950","9.02K","0.34%"
"2020- 09- 07","8,950","8,960","9,000","8,950","3.05K","0.06%"
"2020- 09- 04","8,945","8,920","8,955","8,900","8.90K","-0.22%"
"2020- 09- 03","8,965","8,965","8,995","8,955","10.63K","-0.44%"
"2020- 09- 02","9,005","9,020","9,020","8,975","35.30K","-0.44%"
"2020- 09- 01","9,045","8,985","9,050","8,985","35.25K","0.84%"
"2020- 08- 31","8,970","9,065","9,100","8,970","20.44K","-0.50%"
"2020- 08- 28","9,015","8,995","9,030","8,980","38.48K","0.17%"
"2020- 08- 27","9,000","9,005","9,015","8,990","16.23K","0.17%"
"2020- 08- 26","8,985","8,995","9,000","8,965","17.07K","-0.28%"
"2020- 08- 25","9,010","8,955","9,010","8,955","26.23K","0.56%"
"2020- 08- 24","8,960","8,930","8,960","8,900","10.25K","-0.44%"
"2020- 08- 21","9,000","9,015","9,045","8,985","21.34K","0.22%"
"2020- 08- 20","8,980","9,045","9,045","8,975","26.55K","-1.16%"
"2020- 08- 19","9,085","9,070","9,085","9,030","14.06K","0.78%"
"2020- 08- 18","9,015","9,025","9,030","8,995","35.25K","-0.06%"
"2020- 08- 14","9,020","9,035","9,035","8,985","10.62K","-0.28%"
"2020- 08- 13","9,045","9,050","9,075","9,030","27.24K","0.39%"
"2020- 08- 12","9,010","8,990","9,025","8,990","21.02K","-0.11%"
"2020- 08- 11","9,020","9,005","9,045","8,985","17.85K","0.00%"
"2020- 08- 10","9,020","8,970","9,035","8,970","17.86K","-0.11%"
"2020- 08- 07","9,030","9,035","9,045","8,970","24.55K","-0.22%"
"2020- 08- 06","9,050","9,020","9,050","9,005","46.21K","1.00%"
"2020- 08- 05","8,960","8,920","8,970","8,900","28.92K","0.73%"
"2020- 08- 04","8,895","8,910","8,920","8,875","23.41K","0.00%"
"2020- 08- 03","8,895","8,930","8,930","8,860","28.10K","-0.50%"
"2020- 07- 31","8,940","8,960","8,995","8,930","82.13K","0.68%"
"2020- 07- 30","8,880","8,950","8,985","8,880","68.69K","-0.22%"
"2020- 07- 29","8,900","8,840","8,900","8,835","20.69K","0.62%"
"2020- 07- 28","8,845","8,905","8,940","8,800","61.61K","-0.28%"
"2020- 07- 27","8,870","8,790","8,890","8,790","42.11K","1.03%"
"2020- 07- 24","8,780","8,785","8,825","8,765","37.41K","-0.85%"
"2020- 07- 23","8,855","8,850","8,855","8,810","31.93K","-0.39%"
"2020- 07- 22","8,890","8,895","8,915","8,890","45.93K","0.51%"
"2020- 07- 21","8,845","8,805","8,850","8,805","49.95K","0.86%"
"2020- 07- 20","8,770","8,750","8,780","8,725","35.48K","0.34%"
"2020- 07- 17","8,740","8,740","8,760","8,715","20.19K","0.00%"
"2020- 07- 16","8,740","8,815","8,815","8,710","47.09K","-0.79%"
"2020- 07- 15","8,810","8,785","8,820","8,775","41.33K","0.80%"
"2020- 07- 14","8,740","8,765","8,765","8,705","42.54K","-0.79%"
"2020- 07- 13","8,810","8,805","8,825","8,780","16.07K","0.74%"
"2020- 07- 10","8,745","8,865","8,865","8,740","24.58K","-1.41%"
"2020- 07- 09","8,870","8,925","8,945","8,870","12.65K","-0.22%"
"2020- 07- 08","8,890","8,875","8,905","8,835","22.50K","0.06%"
"2020- 07- 07","8,885","8,945","8,960","8,875","13.13K","0.11%"
"2020- 07- 06","8,875","8,840","8,880","8,840","33.91K","0.51%"
"2020- 07- 03","8,830","8,820","8,835","8,795","9.70K","0.23%"
"2020- 07- 02","8,810","8,785","8,815","8,770","116.92K","0.51%"
"2020- 07- 01","8,765","8,830","8,840","8,755","35.11K","-0.06%"
"2020- 06- 30","8,770","8,825","8,880","8,770","18.40K","-0.68%"
"2020- 06- 29","8,830","8,745","8,845","8,740","20.01K","0.23%"
"2020- 06- 26","8,810","8,790","8,850","8,790","23.52K","0.57%"
"2020- 06- 25","8,760","8,705","8,785","8,705","40.05K","-0.74%"
"2020- 06- 24","8,825","8,720","8,830","8,720","27.99K","1.61%"
"2020- 06- 23","8,685","8,700","8,730","8,600","65.74K","0.93%"
"2020- 06- 22","8,605","8,650","8,665","8,605","25.97K","-0.81%"
"2020- 06- 19","8,675","8,675","8,675","8,630","11.66K","-0.34%"
"2020- 06- 18","8,705","8,590","8,705","8,575","20.68K","0.99%"
"2020- 06- 17","8,620","8,680","8,680","8,565","25.80K","-1.26%"
"2020- 06- 16","8,730","8,715","8,775","8,710","30.02K","1.45%"
"2020- 06- 15","8,605","8,715","8,735","8,595","40.57K","-1.99%"
"2020- 06- 12","8,780","8,715","8,780","8,690","190.76K","-1.35%"
"2020- 06- 11","8,900","8,960","9,015","8,885","86.43K","-0.89%"
"2020- 06- 10","8,980","8,865","8,980","8,835","57.75K","1.13%"
"2020- 06- 09","8,880","8,880","8,905","8,835","64.26K","1.25%"
"2020- 06- 08","8,770","8,805","8,830","8,765","66.02K","0.46%"
"2020- 06- 05","8,730","8,600","8,735","8,585","53.45K","1.87%"
"2020- 06- 04","8,570","8,600","8,630","8,570","26.56K","-0.35%"
"2020- 06- 03","8,600","8,565","8,635","8,565","103.57K","1.24%"
"2020- 06- 02","8,495","8,500","8,535","8,480","69.76K","0.12%"
"2020- 06- 01","8,485","8,380","8,485","8,380","80.40K","2.04%"
"2020- 05- 29","8,315","8,305","8,350","8,290","26.40K","0.12%"
"2020- 05- 28","8,305","8,325","8,345","8,265","55.31K","-0.66%"
"2020- 05- 27","8,360","8,375","8,395","8,345","57.16K","0.00%"
"2020- 05- 26","8,360","8,250","8,360","8,250","48.79K","1.46%"
"2020- 05- 25","8,240","8,290","8,320","8,240","87.28K","-1.20%"
"2020- 05- 22","8,340","8,385","8,385","8,305","217.92K","-0.83%"
"2020- 05- 21","8,410","8,470","8,470","8,390","45.41K","-0.24%"
"2020- 05- 20","8,430","8,490","8,505","8,425","55.58K","-0.71%"
"2020- 05- 19","8,490","8,500","8,545","8,465","93.27K","1.13%"
"2020- 05- 18","8,395","8,395","8,440","8,380","41.66K","-0.36%"
"2020- 05- 15","8,425","8,470","8,485","8,425","31.92K","-0.47%"
"2020- 05- 14","8,465","8,460","8,480","8,450","34.31K","-0.59%"
"2020- 05- 13","8,515","8,445","8,515","8,445","19.83K","0.24%"
"2020- 05- 12","8,495","8,525","8,525","8,460","65.49K","-0.93%"
"2020- 05- 11","8,575","8,585","8,655","8,570","24.82K","0.12%"
"2020- 05- 08","8,565","8,565","8,650","8,565","76.08K","0.71%"
"2020- 05- 07","8,505","8,480","8,505","8,465","31.17K","-0.41%"
"2020- 05- 06","8,540","8,540","8,560","8,500","52.23K","0.95%"
"2020- 05- 04","8,460","8,510","8,515","8,450","47.76K","-1.57%"
"2020- 04- 29","8,595","8,555","8,620","8,550","65.11K","1.06%"
"2020- 04- 28","8,505","8,545","8,550","8,475","46.93K","0.06%"
"2020- 04- 27","8,500","8,400","8,500","8,385","62.28K","1.49%"
"2020- 04- 24","8,375","8,400","8,410","8,360","62.04K","-1.12%"
"2020- 04- 23","8,470","8,430","8,485","8,375","44.52K","0.41%"
"2020- 04- 22","8,435","8,420","8,440","8,370","45.11K","-0.53%"
"2020- 04- 21","8,480","8,595","8,595","8,305","111.94K","-1.51%"
"2020- 04- 20","8,610","8,645","8,665","8,580","24.06K","-0.35%"
"2020- 04- 17","8,640","8,565","8,660","8,555","40.04K","1.53%"
"2020- 04- 16","8,510","8,550","8,550","8,500","166.34K","-1.73%"
"2020- 04- 14","8,660","8,700","8,710","8,645","42.21K","0.00%"
"2020- 04- 13","8,660","8,725","8,725","8,615","19.39K","-1.48%"
"2020- 04- 10","8,790","8,720","8,805","8,685","68.43K","1.74%"
"2020- 04- 09","8,640","8,705","8,735","8,605","36.81K","0.23%"
"2020- 04- 08","8,620","8,650","8,665","8,590","50.05K","0.23%"
"2020- 04- 07","8,600","8,580","8,635","8,560","59.78K","1.30%"
"2020- 04- 06","8,490","8,420","8,505","8,390","38.60K","0.24%"
"2020- 04- 03","8,470","8,540","8,565","8,440","29.71K","-0.24%"
"2020- 04- 02","8,490","8,410","8,490","8,330","95.51K","0.06%"
"2020- 04- 01","8,485","8,655","8,680","8,455","203.77K","-2.19%"
"2020- 03- 31","8,675","8,600","8,700","8,590","75.70K","0.93%"
"2020- 03- 30","8,595","8,675","8,740","8,550","71.12K","-2.16%"
"2020- 03- 27","8,785","8,725","8,845","8,685","187.03K","3.78%"
"2020- 03- 26","8,465","8,590","8,630","8,465","76.23K","-1.11%"
"2020- 03- 25","8,560","8,475","8,585","8,430","142.26K","3.19%"
"2020- 03- 24","8,295","8,180","8,295","8,120","247.46K","2.53%"
"2020- 03- 23","8,090","7,770","8,145","7,770","336.56K","-3.06%"
"2020- 03- 20","8,345","8,200","8,420","8,100","361.42K","5.90%"
"2020- 03- 19","7,880","8,300","8,375","7,700","319.07K","-6.25%"
"2020- 03- 18","8,405","8,495","8,610","8,405","191.19K","-0.53%"
"2020- 03- 17","8,450","8,520","8,600","8,420","249.16K","-3.10%"
"2020- 03- 16","8,720","8,905","8,950","8,715","453.11K","-2.08%"
"2020- 03- 13","8,905","8,835","8,915","8,720","263.32K","-1.33%"
"2020- 03- 12","9,025","9,225","9,235","9,010","187.04K","-2.06%"
"2020- 03- 11","9,215","9,305","9,330","9,155","171.51K","-0.05%"
"2020- 03- 10","9,220","9,115","9,250","9,110","146.25K","1.82%"
"2020- 03- 09","9,055","9,205","9,230","9,010","222.82K","-2.06%"
"2020- 03- 06","9,245","9,295","9,305","9,220","86.85K","-1.81%"
"2020- 03- 05","9,415","9,355","9,435","9,310","252.34K","0.91%"
"2020- 03- 04","9,330","9,315","9,375","9,305","338.34K","1.30%"
"2020- 03- 03","9,210","9,285","9,320","9,200","272.71K","-0.22%"
"2020- 03- 02","9,230","9,050","9,255","9,030","509.72K","3.36%"
"2020- 02- 28","8,930","8,900","8,940","8,875","769.10K","0.51%"
"2020- 02- 27","8,885","8,930","8,990","8,875","252.78K","-0.17%"
"2020- 02- 26","8,900","8,905","8,945","8,850","402.39K","-1.06%"
"2020- 02- 25","8,995","8,875","9,010","8,870","422.26K","1.52%"
"2020- 02- 24","8,860","8,930","8,930","8,860","710.36K","-1.88%"
"2020- 02- 21","9,030","9,070","9,105","9,030","717.04K","-1.69%"
"2020- 02- 20","9,185","9,280","9,285","9,120","726.97K","-1.40%"
"2020- 02- 19","9,315","9,320","9,335","9,260","156.27K","-0.05%"
"2020- 02- 18","9,320","9,385","9,385","9,305","78.27K","-0.96%"
"2020- 02- 17","9,410","9,425","9,475","9,410","40.38K","0.00%"
"2020- 02- 14","9,410","9,410","9,435","9,390","49.62K","-0.26%"
"2020- 02- 13","9,435","9,450","9,490","9,410","89.90K","-0.68%"
"2020- 02- 12","9,500","9,450","9,535","9,420","90.08K","0.48%"
"2020- 02- 11","9,455","9,375","9,465","9,360","92.13K","0.85%"
"2020- 02- 10","9,375","9,280","9,375","9,260","99.96K","-0.16%"
"2020- 02- 07","9,390","9,400","9,405","9,345","65.84K","-1.05%"
"2020- 02- 06","9,490","9,415","9,510","9,405","131.81K","1.88%"
"2020- 02- 05","9,315","9,420","9,420","9,295","115.63K","-0.64%"
"2020- 02- 04","9,375","9,300","9,395","9,270","168.21K","1.24%"
"2020- 02- 03","9,260","9,250","9,270","9,195","200.15K","-0.54%"
"2020- 01- 31","9,310","9,400","9,425","9,305","131.09K","-1.17%"
"2020- 01- 30","9,420","9,510","9,520","9,410","106.28K","-1.36%"
"2020- 01- 29","9,550","9,585","9,595","9,535","35.46K","-0.16%"
"2020- 01- 28","9,565","9,520","9,575","9,520","54.47K","-1.34%"
"2020- 01- 23","9,695","9,715","9,745","9,690","29.31K","-0.67%"
"2020- 01- 22","9,760","9,685","9,785","9,685","57.67K","0.36%"
"2020- 01- 21","9,725","9,855","9,860","9,710","61.05K","-1.47%"
"2020- 01- 20","9,870","9,810","9,890","9,805","19.43K","0.20%"
"2020- 01- 17","9,850","9,835","9,900","9,835","28.41K","0.36%"
"2020- 01- 16","9,815","9,830","9,895","9,815","24.23K","-0.81%"
"2020- 01- 15","9,895","9,835","9,905","9,800","20.38K","-0.15%"
"2020- 01- 14","9,910","9,960","10,005","9,910","80.60K","-0.10%"
"2020- 01- 13","9,920","9,870","9,955","9,860","46.31K","0.97%"
"2020- 01- 10","9,825","9,855","9,855","9,780","25.32K","-0.46%"
"2020- 01- 09","9,870","9,790","9,880","9,750","148.42K","2.17%"
"2020- 01- 08","9,660","9,675","9,685","9,535","51.11K","-0.92%"
"2020- 01- 07","9,750","9,715","9,785","9,715","120.70K","0.98%"
"2020- 01- 06","9,655","9,710","9,740","9,645","40.52K","-0.87%"
"2020- 01- 03","9,740","9,875","9,920","9,730","45.69K","-1.57%"
"2020- 01- 02","9,895","9,960","9,965","9,880","137.13K","-0.20%"